Genus species,Data_Name_As,Habitat,locality,lineage,musrego,Sex,SVL,HLL,HW,FLL,IN,EN,EY,THIRD,FTD,Source,HLLsvl,FLLsvl,HWsvl,THIRDsvl,INsvl,ENsvl,EYsvl,FOURTHsvl,PC1,PC2,PC3,PC4
Aphantophryne minuta,Aphantophryne minuta,,,,AMNH 130297,F,11.8,4.3,5,,1.2,0.85,1.6,0.2,,Zweifel & Parker 1989,,,,,,,,,,,,
Aphantophryne sabini,Aphantophryne sabini,,,,AMNH 130298,F,22.6,6.9,8.4,,1.7,1.45,2.3,0.35,,Zweifel & Parker 1989,,,,,,,,,,,,
Aphantophryne pansa,Cophixalus pansus,,,,AMS R5238,,28,8.7,11.1,,2.3,1.87,2.97,0.73,,Zweifel & Allison 1982,,,,,,,,,,,,
Asterophrys eurydactyla,Pseudocallulops eurydactylus,,,,ZMB 63878,F,35.5,17.4,,,,,,,,,,,,,,,,,,,,
Asterophrys leucopus,Asterophrys leucopus,,,,QM J58650,M,43,17.1,21,,3.5,4.3,5,1.2,,Richards et al. 1994,,,,,,,,,,,,
Asterophrys marani,Metamagnusia marani,,,,63879,,43,19.7,17,,3.5,3.1,5.4,3.1,,Gunther 2009,,,,,,,,,,,,
Asterophrys marani,Metamagnusia marani,,,,63880,,42.3,18.3,17.2,,3.6,3.6,4.7,3.1,,Gunther 2009,,,,,,,,,,,,
Asterophrys marani,Metamagnusia marani,,,,63881,,43.5,19.7,16.4,,3.5,3.5,5.2,3,,Gunther 2009,,,,,,,,,,,,
Asterophrys senglaubi,Oninia senglaubi,,,,ZMB 74606,M,17.8,8.1,7.2,,1.4,1.2,2,0.4,0.6,Gunther et al. 2010,,,,,,,,,,,,
Asterophrys senglaubi,Oninia senglaubi,,,,ZMB 74607,M,18.4,7.8,7,,1.3,1.4,2.1,0.3,0.5,Gunther et al. 2010,,,,,,,,,,,,
Asterophrys senglaubi,Oninia senglaubi,,,,ZMB 74608,M,18.1,7.9,7.3,,1.5,1.3,2,0.35,0.5,Gunther et al. 2010,,,,,,,,,,,,
Asterophrys senglaubi,Oninia senglaubi,,,,ZMB 74609,M,17.2,7.8,6.8,,1.5,1.3,1.9,0.3,0.5,Gunther et al. 2010,,,,,,,,,,,,
Asterophrys senglaubi,Oninia senglaubi,,,,ZMB 74610,M,18.8,8.1,7.1,,1.6,1.5,2.1,0.35,0.7,Gunther et al. 2010,,,,,,,,,,,,
Asterophrys senglaubi,Oninia senglaubi,,,,ZMB 74611,M,18.7,8.1,7,,1.5,1.5,2.2,0.3,0.55,Gunther et al. 2010,,,,,,,,,,,,
Austrochaperina adamantina,Austrochaperina adamantina,,,,AMNH A78185,F,28.1,12.2,9.5,,2.75,2.05,3.5,1.15,,Zweifel 2000,,,,,,,,,,,,
Austrochaperina adelphe,Austrochaperina adelphe,,,,SAMA R17344,M,15,6.8,5.8,,1.5,1.05,1.75,0.4,,Zweifel 1985,,,,,,,,,,,,
Austrochaperina alexanderi,Austrochaperina alexanderi,,,,SAMA R65091,M,36.1,17.4,14.4,,4.1,3,5.2,1.6,1.9,Gunther et al. 2014,,,,,,,,,,,,
Austrochaperina alexanderi,Austrochaperina alexanderi,,,,SAMA R65092,M,42.4,18.4,15.4,,4.7,3.2,5.7,1.8,2.3,Gunther et al. 2014,,,,,,,,,,,,
Austrochaperina alexanderi,Austrochaperina alexanderi,,,,SAMA R65093,M,44.1,20,17,,4.8,3.3,5.7,1.9,2.5,Gunther et al. 2014,,,,,,,,,,,,
Austrochaperina alexanderi,Austrochaperina alexanderi,,,,SAMA R65094,M,44.4,20.2,16.7,,4.5,3.2,6,2,2.3,Gunther et al. 2014,,,,,,,,,,,,
Austrochaperina alexanderi,Austrochaperina alexanderi,,,,ZMB 79520,M,42.5,19.7,16.3,,4.6,2.7,5.4,2,2.2,Gunther et al. 2014,,,,,,,,,,,,
Austrochaperina aquilonia,Austrochaperina aquilonia,,,,AMNH A78186,M,31,12.7,11.2,,3.45,2.3,3.4,0.8,,Zweifel 2000,,,,,,,,,,,,
Austrochaperina archboldi,Austrochaperina archboldi,,,,AMNH A66719,M,34.7,16,13.8,,3.9,2.5,3.7,1.1,,Zweifel 2000,,,,,,,,,,,,
Austrochaperina blumi,Austrochaperina blumi,,,,MZB 3562,F,26.3,11.3,9,,2.8,2.15,3.05,1,,Zweifel 2000,,,,,,,,,,,,
Austrochaperina brevipes,Austrochaperina brevipes,,,,holotype,,20.5,7.4,8.4,,1.93,1.69,2.65,,,Zweifel 2000,,,,,,,,,,,,
Austrochaperina gracilipes,Austrochaperina gracilipes,,,,,,23,10.67,7.64,,,,,0.82,,,,,,,,,,,,,,
Austrochaperina hooglandi,Austrochaperina hooglandi,,,,AMNH A77597,M,40.1,17.6,14.5,,4.1,3.1,3.8,1.05,,Zweifel 2000,,,,,,,,,,,,
Austrochaperina kosarek,Austrochaperina kosarek,,,,MZB 3561,F,21,8.6,7.8,,2.35,1.5,2.55,0.45,,Zweifel 2000,,,,,,,,,,,,
Austrochaperina laurae,Austrochaperina laurae,,,,SAMA R65095,M,26.9,11.1,11,,3.2,2,3.2,0.8,1.2,Gunther et al. 2014,,,,,,,,,,,,
Austrochaperina laurae,Austrochaperina laurae,,,,SAMA R65096,M,27,12,11.5,,3,2.2,3.3,0.9,1.4,Gunther et al. 2014,,,,,,,,,,,,
Austrochaperina laurae,Austrochaperina laurae,,,,SAMA R65097,M,27.4,12,10.4,,3.1,2.1,3.4,0.8,1.2,Gunther et al. 2014,,,,,,,,,,,,
Austrochaperina laurae,Austrochaperina laurae,,,,SAMA R65098,F,31.2,14.1,11.7,,3.3,2.2,3.6,1.3,1.6,Gunther et al. 2014,,,,,,,,,,,,
Austrochaperina laurae,Austrochaperina laurae,,,,SAMA 65099,F,35.2,14.3,12.9,,3.5,2.6,3.8,1,1.5,Gunther et al. 2014,,,,,,,,,,,,
Austrochaperina laurae,Austrochaperina laurae,,,,SAMA 65100,M,29.2,13.6,11.9,,3.1,2.2,3.7,0.8,1.3,Gunther et al. 2014,,,,,,,,,,,,
Austrochaperina laurae,Austrochaperina laurae,,,,ZMB 79521,F,28.2,13.4,11,,3.2,2.3,3.5,1,1.3,Gunther et al. 2014,,,,,,,,,,,,
Austrochaperina laurae,Austrochaperina laurae,,,,ZMB 79522,M,29.6,13.1,10.7,,3,2.2,3.5,0.8,1.2,Gunther et al. 2014,,,,,,,,,,,,
Austrochaperina macrorhyncha,Austrochaperina macrorhyncha,,,,FMNH 100117,M,29.7,14.1,9.75,,3.15,2.2,3.9,1.25,,Zweifel 2000,,,,,,,,,,,,
Austrochaperina novaebritanniae,Austrochaperina novaebritanniae,,,,AMNH A83058,F,18.2,8.5,6.5,,1.9,1.35,2.1,0.45,,Zweifel 2000,,,,,,,,,,,,
Austrochaperina parkeri,Austrochaperina parkeri,,,,MCZ A89220,F,30.6,13.6,10.7,,3.2,2.15,3.2,0.95,,Zweifel 2000,,,,,,,,,,,,
Austrochaperina robusta,Austrochaperina robusta,,,,AMS R5295,F,23.7,9.7,8.3,,2.35,1.4,2.5,0.6,,Zweifel 1985,,,,,,,,,,,,
Austrochaperina yelaensis,Austrochaperina yelaensis,,,,AMNH A135406,F,20.5,9.3,7.9,,2.3,1.6,2.8,0.6,,Zweifel 2000,,,,,,,,,,,,
Barygenys apodasta,Barygenys apodasta,,,,BPBM 38913,,31.8,11.6,10.7,,2.3,1.5,1.6,0.25,1.3,Kraus 2013,,,,,,,,,,,,
Barygenys atra,Barygenys atra,,,,holotype,,41,16.8,12.8,,3.2,2.5,1.6,,,Zweifel 1972,,,,,,,,,,,,
Barygenys resima,Barygenys resima,,,,BPBM 20140,,42.6,15.1,14.2,,3.2,1.8,1.8,0.3,1.53,Kraus 2013,,,,,,,,,,,,
Barygenys resima,Barygenys resima,,,,BPBM 15259,,44.9,15.1,14.8,,3.2,2,1.8,0.31,1.48,Kraus 2013,,,,,,,,,,,,
Callulops argus,Callulops argus,,,,AMNH 82886,F,81,31.4,24.3,,5.7,5.4,4.6,2.08,2.6,Kraus 2019,,,,,,,,,,,,
Callulops biakensis,Callulops biakensis,,,,ZMB 64107,M,66.2,28.2,24.1,,5.5,3.7,6.1,2,2.3,Gunther et al. 2012,,,,,,,,,,,,
Callulops biakensis,Callulops biakensis,,,,ZMB 64108,,67.8,29.1,23.5,,5.6,4,6.4,1.9,2.2,Gunther et al. 2012,,,,,,,,,,,,
Callulops biakensis,Callulops biakensis,,,,ZMB 64109,,61,26.9,22.5,,4.9,3.5,5.5,1.8,2,Gunther et al. 2012,,,,,,,,,,,,
Callulops biakensis,Callulops biakensis,,,,ZMB 64110,,53.6,25.2,20.3,,5,3.5,5.2,1.4,1.7,Gunther et al. 2012,,,,,,,,,,,,
Callulops bicolor,Callulops bicolor,,,,BPBM 19236,M,70.7,27.8,23.5,,4.7,4.2,4.9,2.01,2.23,Kraus 2019,,,,,,,,,,,,
Callulops bicolor,Callulops bicolor,,,,BPBM 38834,M,70.6,28.8,24.7,,5.3,3.6,4.5,2.38,2.46,Kraus 2019,,,,,,,,,,,,
Callulops bicolor,Callulops bicolor,,,,AMS 9603,M,65.4,25.2,25,,5.1,3.8,4.9,1.8,2,Kraus 2019,,,,,,,,,,,,
Callulops bicolor,Callulops bicolor,,,,AMS 9605,M,68,26.5,22.8,,5.1,3.8,4.8,1.8,2.15,Kraus 2019,,,,,,,,,,,,
Callulops bicolor,Callulops bicolor,,,,AMS 9606,M,70,27.6,23.5,,5.2,4,5.6,1.95,2.45,Kraus 2019,,,,,,,,,,,,
Callulops bicolor,Callulops bicolor,,,,BMNH 1935.3.9.116,F,75.5,28.8,24.5,,5.3,4.3,5.5,1.62,1.98,Kraus 2019,,,,,,,,,,,,
Callulops bicolor,Callulops bicolor,,,,BMNH 1935.3.9.117,F,67.6,28.6,24.2,,4.9,4.1,4.5,2.01,2.48,Kraus 2019,,,,,,,,,,,,
Callulops bicolor,Callulops bicolor,,,,BMNH 1935.3.9.118,F,68.5,29.6,23.8,,5.1,4,5.6,2.14,2.55,Kraus 2019,,,,,,,,,,,,
Callulops bicolor,Callulops bicolor,,,,BMNH 1935.3.9.119,M,67.6,26.2,22.3,,5.1,4.3,5,1.71,2.2,Kraus 2019,,,,,,,,,,,,
Callulops doriae,Callulops doriae,,,,BMNH 1947.2.10.99,F,74.2,31.1,26.2,,5.1,4.4,5.8,2,2.25,Kraus 2019,,,,,,,,,,,,
Callulops doriae,Callulops doriae,,,,BPBM 20141,M,71.2,28.8,24.5,,5,4.1,4.7,2.08,1.9,Kraus 2019,,,,,,,,,,,,
Callulops doriae,Callulops doriae,,,,BPBM 38830,M,73.5,28.3,26.9,,4.7,4.5,4.3,2,2.46,Kraus 2019,,,,,,,,,,,,
Callulops doriae,Callulops doriae,,,,BPBM 38831,M,70.7,29.5,23.4,,4.6,4.1,4,1.98,2.24,Kraus 2019,,,,,,,,,,,,
Callulops doriae,Callulops doriae,,,,BPBM 38832,M,75.4,30.5,26.6,,5.1,4.4,4.5,2.2,2.63,Kraus 2019,,,,,,,,,,,,
Callulops doriae,Callulops doriae,,,,BPBM 38833,M,77,29.7,26,,4.8,4.5,4.5,2.09,2.4,Kraus 2019,,,,,,,,,,,,
Callulops doriae,Callulops doriae,,,,BPBM 41938,F,83,31.7,26.6,,5.2,4.9,4.7,2.44,2.56,Kraus 2019,,,,,,,,,,,,
Callulops doriae,Callulops doriae,,,,UMMZ 242226,M,74.4,30.7,27.5,,5.1,4.1,4.6,2.13,2.66,Kraus 2019,,,,,,,,,,,,
Callulops doriae,Callulops doriae,,,,UMMZ 242227,M,77.7,30.8,25.8,,5.1,4.4,5,2.19,2.6,Kraus 2019,,,,,,,,,,,,
Callulops doriae,Callulops doriae,,,,UMMZ 243962,M,68.6,28,24.5,,4.6,4.2,4.7,1.91,2.3,Kraus 2019,,,,,,,,,,,,
Callulops eremnosphax,Callulops eremnosphax,,,,BPBM 13212,M,33.7,13.9,13.9,,3.2,2.3,4.4,0.85,1.23,Kraus & Allison 2009,,,,,,,,,,,,
Callulops fojaensis,Callulops fojaensis,,,,MZB 11957,M,53,17.9,18,,3.6,3.1,6,1.3,1.7,Oliver et al 2012,,,,,,,,,,,,
Callulops fojaensis,Callulops fojaensis,,,,MZB 11958,M,51.9,17.6,17.8,,3.8,3.4,5.8,1.1,1.4,Oliver et al 2012,,,,,,,,,,,,
Callulops gobakula,Callulops gobakula,,,,QM J98925,M,51.1,20.5,17.8,,4,3.3,5,1.4,1.5,Hoskin 2025,,,,,,,,,,,,
Callulops gobakula,Callulops gobakula,,,,QM J98926,M,48.5,19.9,17.5,,4,3.6,4.5,1.2,1.3,Hoskin 2025,,,,,,,,,,,,
Callulops gobakula,Callulops gobakula,,,,QM J98927,F,51.8,21.2,18.2,,4.2,4.2,4.8,1.5,1.6,Hoskin 2025,,,,,,,,,,,,
Callulops gobakula,Callulops gobakula,,,,QM J98928,F,50.8,20.5,17.8,,4.1,3.6,4.6,1.3,1.4,Hoskin 2025,,,,,,,,,,,,
Callulops marmoratus,Callulops marmoratus,,,,BPBM 14222,M,53.3,24.2,20.4,,4.6,4.1,7.2,1.8,2,Kraus & Allison 2003,,,,,,,,,,,,
Callulops mediodiscus,Callulops mediodiscus,,,,SAMA R66016,M,46.3,21.1,15.2,,3.4,2.8,5.4,1.9,1.7,Oliver et al 2012,,,,,,,,,,,,
Callulops mediodiscus,Callulops mediodiscus,,,,SAMA R66010,M,42,19.5,14.2,,3.1,2.8,4.6,1.8,1.8,Oliver et al 2012,,,,,,,,,,,,
Callulops mediodiscus,Callulops mediodiscus,,,,SAMA R66012,M,44.7,21,15.1,,3.4,2.9,5.6,1.6,1.8,Oliver et al 2012,,,,,,,,,,,,
Callulops mediodiscus,Callulops mediodiscus,,,,SAMA R66013,M,43.4,20.1,14.4,,3.1,2.6,5.2,1.6,1.6,Oliver et al 2012,,,,,,,,,,,,
Callulops mediodiscus,Callulops mediodiscus,,,,SAMA R66014,M,47.3,22.6,15.5,,3.2,3.2,4.9,2,2,Oliver et al 2012,,,,,,,,,,,,
Callulops mediodiscus,Callulops mediodiscus,,,,SAMA R66015,M,49,22.8,16.9,,3.7,3.4,5.8,1.9,2,Oliver et al 2012,,,,,,,,,,,,
Callulops mediodiscus,Callulops mediodiscus,,,,UPNG 10071,M,46.2,21.2,14.3,,3.1,2.8,5.8,1.7,1.9,Oliver et al 2012,,,,,,,,,,,,
Callulops mediodiscus,Callulops mediodiscus,,,,UPNG 10072,M,42.3,20.1,13.6,,2.9,2.6,5.1,1.7,1.7,Oliver et al 2012,,,,,,,,,,,,
Callulops neuhaussi,Callulops neuhaussi,,,,ZMB 22156,F,59.4,27.5,24.4,,4.3,4.4,4.2,1.6,2,Kraus 2019,,,,,,,,,,,,
Callulops neuhaussi,Callulops neuhaussi,,,,ZMB 22156,F,59.4,27.5,24.4,,4.3,4.4,4.2,1.62,2.01,Kraus 2019,,,,,,,,,,,,
Callulops omnistriatus,Callulops omnistriatus,,,,BPBM 32098,F,61.9,27.4,23.3,,5,4.4,7.3,1.84,2.19,Kraus & Allison 2009,,,,,,,,,,,,
Callulops stellatus,Callulops stellatus,,,,BPBM 37122,imm F,63.6,23.3,20.1,,4.3,4,4.3,1.54,1.91,Kraus 2019,,,,,,,,,,,,
Callulops stellatus,Callulops stellatus,,,,BPBM 37123,M,71.3,26.1,22.9,,4.6,4.3,4.4,1.83,2.23,Kraus 2019,,,,,,,,,,,,
Callulops stellatus,Callulops stellatus,,,,BPBM 37124,M,69.1,25.4,21.3,,4.4,4.1,4.3,1.79,2.15,Kraus 2019,,,,,,,,,,,,
Callulops stellatus,Callulops stellatus,,,,BPBM 37125,M,59.3,22.1,21.7,,4.2,3.8,3.8,1.64,1.98,Kraus 2019,,,,,,,,,,,,
Callulops stellatus,Callulops stellatus,,,,BPBM 37126,M,60,22.8,19.5,,4.1,3.5,4,1.55,1.73,Kraus 2019,,,,,,,,,,,,
Callulops stellatus,Callulops stellatus,,,,BPBM 39980,M,63.5,24.9,23.3,,4.3,3.6,3.7,1.8,2.13,Kraus 2019,,,,,,,,,,,,
Callulops stellatus,Callulops stellatus,,,,BPBM 39981,M,60.7,24.4,22.3,,4.3,3.9,3.7,1.65,2.1,Kraus 2019,,,,,,,,,,,,
Callulops taxispilotus,Callulops taxispilotus,,,,AMNH 76462,M,79.5,33,29.6,,5.3,5.1,7,2.95,3.38,Kraus 2019,,,,,,,,,,,,
Callulops taxispilotus,Callulops taxispilotus,,,,USNM 581332,M,85.4,33.7,34.7,,6.4,5.8,8.4,2.54,3.02,Kraus 2019,,,,,,,,,,,,
Callulops taxispilotus,Callulops taxispilotus,,,,USNM 581333,F,84.5,34.2,33.7,,6.2,6.2,7.7,2.75,3.3,Kraus 2019,,,,,,,,,,,,
Callulops taxispilotus,Callulops taxispilotus,,,,MCZ 59898,?,79.7,33.8,31.5,,5.2,4.7,5.5,2.69,3.15,Kraus 2019,,,,,,,,,,,,
Callulops taxispilotus,Callulops taxispilotus,,,,MCZ 59899,?,71,28.4,25.8,,4.8,4.7,5.7,2.26,2.65,Kraus 2019,,,,,,,,,,,,
Callulops taxispilotus,Callulops taxispilotus,,,,MCZ 59900,?,86.1,34.3,30,,6.1,6,7.1,4.28,3.5,Kraus 2019,,,,,,,,,,,,
Callulops taxispilotus,Callulops taxispilotus,,,,MCZ 59901,?,72.3,28.8,26.9,,5.3,5.3,4.7,2.5,2.68,Kraus 2019,,,,,,,,,,,,
Callulops taxispilotus,Callulops taxispilotus,,,,MCZ 60802,?,82.2,33.3,29.2,,5.3,4.9,5.3,2.73,3.21,Kraus 2019,,,,,,,,,,,,
Callulops taxispilotus,Callulops taxispilotus,,,,MCZ 60803,?,83.8,33.1,29.5,,5.6,5.5,6.3,2.88,2.18,Kraus 2019,,,,,,,,,,,,
Callulops taxispilotus,Callulops taxispilotus,,,,MCZ 64404,?,82.8,35.2,32,,6,6,7.3,2.95,3.62,Kraus 2019,,,,,,,,,,,,
Callulops taxispilotus,Callulops taxispilotus,,,,MCZ 64406,?,93.8,36.9,34.3,,6.2,5.7,7.6,3.2,3.48,Kraus 2019,,,,,,,,,,,,
Callulops taxispilotus,Callulops taxispilotus,,,,CAS 107484,?,75.7,31.4,30.4,,5.1,4.9,6,2.62,2.92,Kraus 2019,,,,,,,,,,,,
Callulops taxispilotus,Callulops taxispilotus,,,,CAS 107485,F,79.1,32.3,30.2,,5.2,4.7,5.9,2.48,2.9,Kraus 2019,,,,,,,,,,,,
Callulops taxispilotus,Callulops taxispilotus,,,,BPBM 16931,imm F,82.2,35,30.4,,5.9,5.6,6.2,2.64,3.05,Kraus 2019,,,,,,,,,,,,
Callulops taxispilotus,Callulops taxispilotus,,,,MSNG 29435,?,86.2,32.9,30.1,,5.7,5.1,6,2.43,2.43,Kraus 2019,,,,,,,,,,,,
Callulops valvifer,Callulops valvifer,,,,ZMB 70533,M,72.3,31.1,28.3,,6,4.5,8.5,2.2,2.2,Gunther 2013,,,,,,,,,,,,
Callulops valvifer,Callulops valvifer,,,,ZMB 70532,F,81.4,34.6,32,,7,5.7,9,2.2,2.7,Gunther 2013,,,,,,,,,,,,
Callulops wondiwoiensis,Callulops wondiwoiensis,,,,ZMB 58676,M,57.2,22.7,21.4,,4.8,3.6,6.1,1.5,1.9,Gunther et al. 2012,,,,,,,,,,,,
Callulops yapenensis,Callulops yapenensis,,,,ZMB 62566,M,48.2,20.6,18.9,,4.3,3.2,6.5,1.4,1.5,Gunther et al. 2012,,,,,,,,,,,,
Choerophryne allisoni,Liophryne allisoni,,,,AMNH A81221,M,24.6,12.9,10.2,,3.1,2,3,0.55,,Zweifel 2000,,,,,,,,,,,,
Choerophryne alpestris,Oxydactyla alpestris,,,,AMNH A76584,F,22.7,8.2,8.6,,2.2,1.4,2.6,0.5,,Zweifel 2000,,,,,,,,,,,,
Choerophryne koeypad,Choerophryne koeypad,,,,QM J98929,M,21,8.3,7.1,,1.7,2,2.2,1.3,1.2,Hoskin 2025,,,,,,,,,,,,
Choerophryne koeypad,Choerophryne koeypad,,,,QM J98930,M,20,8.4,7.7,,1.6,1.8,2.3,1.4,0.9,Hoskin 2025,,,,,,,,,,,,
Choerophryne koeypad,Choerophryne koeypad,,,,QM J98931,M,21.2,8.9,7.3,,1.6,1.9,2.1,1,0.7,Hoskin 2025,,,,,,,,,,,,
Choerophryne koeypad,Choerophryne koeypad,,,,QM J98932,M,21.1,8.8,7.9,,1.6,1.9,2.3,1.3,0.8,Hoskin 2025,,,,,,,,,,,,
Choerophryne murrita,Albericus murritus,,,,pooled n=17,M,16.6,6.64,6.308,,1.4276,1.6102,1.992,1.1288,,Kraus & Allison 2009,0.4,,0.38,0.068,0.086,0.097,0.12,,,,,
Choerophryne murrita,Albericus murritus,,,,pooled n=6,F,17.2,7.224,6.708,,1.4964,1.6856,2.236,1.2728,,Kraus & Allison 2009,0.42,,0.39,0.074,0.087,0.098,0.13,,,,,
Cophixalus aenigma,Cophixalus aenigma,1,Carbine Tbld,1,,,17.19,7.17,6.75,4.14,,,,0.58,,Hoskin 2018,0.417102967,0.240837696,0.392670157,0.033740547,,,,,-0.713,-1.03698,-0.2663,0.34257
Cophixalus aenigma,Cophixalus aenigma,1,Carbine Tbld,1,,,20.1,8.31,7.56,4.32,,,,0.78,,Hoskin 2018,0.413432836,0.214925373,0.376119403,0.03880597,,,,,-0.50695,-0.80635,0.1206,-0.69975
Cophixalus aenigma,Cophixalus aenigma,1,Carbine Tbld,1,,,20.05,7.74,7.19,4.07,,,,0.84,,Hoskin 2018,0.386034913,0.202992519,0.358603491,0.041895262,,,,,-0.55121,-0.32481,0.42375,-0.66959
Cophixalus aenigma,Cophixalus aenigma,1,Carbine Tbld,1,,,18.72,7.36,6.79,4.32,,,,0.86,,Hoskin 2018,0.393162393,0.230769231,0.362713675,0.045940171,,,,,-0.58906,-0.0411,0.05121,0.53599
Cophixalus aenigma,Cophixalus aenigma,1,Carbine Tbld,1,,,20.11,7.59,7.02,4.01,,,,1.02,,Hoskin 2018,0.377424167,0.199403282,0.34908006,0.050721034,,,,,-0.52267,0.5352,0.64038,-0.51307
Cophixalus aenigma,Cophixalus aenigma,1,Thornton Pk,2,,,20.33,8.18,7.25,4.15,,,,0.68,,Hoskin 2018,0.402361043,0.204131825,0.356615839,0.033448106,,,,,-0.56124,-1.1108,0.00809,-1.06101
Cophixalus aenigma,Cophixalus aenigma,1,Thornton Pk,2,,,18.74,7.52,6.85,4.01,,,,0.72,,Hoskin 2018,0.401280683,0.21398079,0.365528282,0.038420491,,,,,-0.63778,-0.58263,0.04191,-0.4323
Cophixalus aenigma,Cophixalus aenigma,1,Thornton Pk,2,,,17.45,7.25,6.89,4.14,,,,0.79,,Hoskin 2018,0.415472779,0.237249284,0.394842407,0.045272206,,,,,-0.64386,-0.19104,0.05326,0.38666
Cophixalus aenigma,Cophixalus aenigma,1,Thornton Pk,2,,,21.37,8.53,8.55,4.16,,,,0.8,,Hoskin 2018,0.399157698,0.194665419,0.400093589,0.037435657,,,,,-0.42914,-1.12256,0.98926,-1.59536
Cophixalus aenigma,Cophixalus aenigma,1,Thornton Pk,2,,,17.87,7.19,7.02,4.3,,,,0.81,,Hoskin 2018,0.402350308,0.240626749,0.392837157,0.045327364,,,,,-0.61452,-0.23664,0.15966,0.72207
Cophixalus aenigma,Cophixalus aenigma,1,Thornton Pk,2,conx5321,M,18.1,7.6,6.2,4.1,,,,0.65,,Hoskin 2018,0.419889503,0.226519337,0.342541436,0.035911602,,,,,-0.69226,-0.64535,-0.69211,-0.15471
Cophixalus aenigma,Cophixalus aenigma,1,Mt Finnigan,3,,,18.11,7.28,7.76,4.38,,,,0.87,,Hoskin 2018,0.401987852,0.241855329,0.428492546,0.048039757,,,,,-0.54711,-0.26421,0.67991,0.73765
Cophixalus aenigma,Cophixalus aenigma,1,Mt Finnigan,3,,,19.27,6.95,7.15,4.27,,,,0.89,,Hoskin 2018,0.360664245,0.221587961,0.371043072,0.046185781,,,,,-0.57112,-0.05436,0.69745,0.65095
Cophixalus aenigma,Cophixalus aenigma,1,Mt Finnigan,3,,,17.83,7.05,7.22,4.38,,,,0.92,,Hoskin 2018,0.39540101,0.245653393,0.404935502,0.05159843,,,,,-0.57632,0.16356,0.45279,1.09814
Cophixalus aenigma,Cophixalus aenigma,1,Mt Finnigan,3,,,17.91,7.44,7.03,3.93,,,,0.95,,Hoskin 2018,0.415410385,0.219430486,0.392518146,0.053042993,,,,,-0.59463,0.47851,0.41184,-0.21783
Cophixalus aenigma,Cophixalus aenigma,1,Mt Finnigan,3,,,17.06,7.29,7.23,4.02,,,,0.97,,Hoskin 2018,0.427315358,0.235638921,0.423798359,0.056858148,,,,,-0.59501,0.56406,0.49418,0.26326
Cophixalus australis,Cophixalus australis,1,Mt Spec,1,,,22.28,7.91,7.2,4.86,,,,1.21,,Hoskin 2018,0.35502693,0.218132855,0.323159785,0.054308797,,,,,-0.34876,0.81251,0.5378,0.87046
Cophixalus australis,Cophixalus australis,1,Kirrama Ra,1,,,21.25,8.52,6.66,4.83,,,,1.25,,Hoskin 2018,0.400941176,0.227294118,0.313411765,0.058823529,,,,,-0.36568,1.25865,-0.29507,0.57535
Cophixalus australis,Cophixalus australis,1,Massey Ck,1,,,21.04,8.61,7.46,4.93,,,,1.26,,Hoskin 2018,0.409220532,0.234315589,0.354562738,0.059885932,,,,,-0.31536,1.03226,0.13817,0.66949
Cophixalus australis,Cophixalus australis,1,Millaa Millaa,1,,,24.92,9.73,8.23,5.72,,,,1.61,,Hoskin 2018,0.390449438,0.22953451,0.330256822,0.064606742,,,,,-0.01067,1.64286,0.41796,0.976
Cophixalus australis,Cophixalus australis,1,Crater NP,1,,,25.54,9.82,9.19,6.06,,,,1.82,,Hoskin 2018,0.38449491,0.237274863,0.359827721,0.071260767,,,,,0.13273,2.081,1.14709,1.60831
Cophixalus australis,Cophixalus australis,1,Mission Beach,1,,,17.47,7.12,6.39,3.34,,,,0.99,,Hoskin 2018,0.40755581,0.191184888,0.365769891,0.056668575,,,,,-0.68068,1.09893,0.51237,-1.0802
Cophixalus australis,Cophixalus australis,1,Dingo Pocket Rd,1,,,19.21,7.92,6.2,4.06,,,,1.04,,Hoskin 2018,0.412285268,0.211348256,0.322748568,0.05413847,,,,,-0.5614,0.95338,-0.27691,-0.3931
Cophixalus australis,Cophixalus australis,1,Dingo Pocket Rd,1,,,18.96,7.83,6.15,3.91,,,,1.06,,Hoskin 2018,0.412974684,0.206223629,0.324367089,0.055907173,,,,,-0.57798,1.13217,-0.1738,-0.58536
Cophixalus australis,Cophixalus australis,1,Henrietta Ck,1,,,18.49,7.81,6.35,4.08,,,,1.3,,Hoskin 2018,0.422390481,0.220659816,0.34342888,0.070308275,,,,,-0.50387,2.11378,0.07436,0.08206
Cophixalus australis,Cophixalus australis,1,Henrietta Ck,1,,,19.73,8.56,7.42,5.12,,,,1.38,,Hoskin 2018,0.43385707,0.259503294,0.37607704,0.069944247,,,,,-0.30052,1.64559,-0.02694,1.49242
Cophixalus australis,Cophixalus australis,1,Henrietta Ck,1,conx5296,M,21.3,8.7,7.2,5.1,,,,1.2,,Hoskin 2018,0.408450704,0.23943662,0.338028169,0.056338028,,,,,-0.32338,0.7708,-0.24144,0.91077
Cophixalus australis,Cophixalus australis,1,1300 m Mt BF,1,conx5294,M,26.5,10.9,8.6,6.4,,,,1.46,,Hoskin 2018,0.411320755,0.241509434,0.324528302,0.05509434,,,,,0.09419,0.45958,-0.41622,1.0439
Cophixalus australis,Cophixalus australis,1,Paluma,1,conx5285,M,21.8,8,7.3,5.2,,,,1.1,,Hoskin 2018,0.366972477,0.23853211,0.334862385,0.050458716,,,,,-0.35325,0.23798,0.1493,1.54486
Cophixalus balbus,Cophixalus balbus,,,,ZMB 62591,M,27.8,13.4,11.2,,2.7,2.7,2.8,1.7,,Gunther 2003,,,,,,,,,,,,
Cophixalus balbus,Cophixalus balbus,,,,ZMB 62592,M,27.5,13,11.3,,2.7,2.5,2.9,1.8,,Gunther 2003,,,,,,,,,,,,
Cophixalus balbus,Cophixalus balbus,,,,ZMB 62593,M,27.7,13.4,10.5,,3,3,2.8,1.8,,Gunther 2003,,,,,,,,,,,,
Cophixalus balbus,Cophixalus balbus,,,,ZMB 62594,M,28.2,13.5,10.8,,2.8,2.8,2.8,1.9,,Gunther 2003,,,,,,,,,,,,
Cophixalus balbus,Cophixalus balbus,,,,ZMB 62595,M,26.2,12.4,10,,2.5,2.5,2.7,1.6,,Gunther 2003,,,,,,,,,,,,
Cophixalus balbus,Cophixalus balbus,,,,ZMB 62596,M,27.2,12.7,11,,2.7,2.9,2.8,1.4,,Gunther 2003,,,,,,,,,,,,
Cophixalus balbus,Cophixalus balbus,,,,ZMB 62597,F,22,10.2,8.5,,2.1,2.3,2.4,1.4,,Gunther 2003,,,,,,,,,,,,
Cophixalus bewaniensis,Cophixalus bewaniensis,,,,BPBM 13741,M,16.7,8.8,7.7,,,,,0.7,,,,,,,,,,,,,,
Cophixalus bewaniensis,Cophixalus bewaniensis,,,,BPBM 13741,M,16.7,8.8,6.2,,1.8,1.5,2.1,0.7,,Kraus & Allison 2000,,,,,,,,,,,,
Cophixalus biroi,Cophixalus biroi,,,,,M,27,13.37,,,,,,,,,,,,,,,,,,,,
Cophixalus biroi,Cophixalus biroi,,,,,F,33,16.34,,,,,,,,,,,,,,,,,,,,
Cophixalus biroi,Cophixalus biroi,,,,,,26,10.55,10.1,,,,,1.5,,,,,,,,,,,,,,
Cophixalus bombiens,Cophixalus bombiens,1,Mossman Gorge,1,xxxxx,,11.62,5.7,4.28,3.02,,,,0.41,,Hoskin 2018,0.490533563,0.25989673,0.368330465,0.035283993,,,,,-1.12939,-0.02648,-1.3633,0.27429
Cophixalus bombiens,Cophixalus bombiens,1,Windsor  Tbld,1,,,12.87,5.77,4.1,3.14,,,,0.45,,Hoskin 2018,0.448329448,0.243978244,0.318570319,0.034965035,,,,,-1.09263,0.03985,-1.39565,0.31061
Cophixalus bombiens,Cophixalus bombiens,1,Shiptons Flat,1,,,13.3,5.97,4.75,3.21,,,,0.54,,Hoskin 2018,0.44887218,0.241353383,0.357142857,0.040601504,,,,,-1.01502,0.15338,-0.9408,0.21126
Cophixalus bombiens,Cophixalus bombiens,1,Windsor  Tbld,1,,,16.69,7.03,5.17,3.84,,,,0.61,,Hoskin 2018,0.421210306,0.230077891,0.309766327,0.036548832,,,,,-0.82353,-0.24779,-1.14912,0.10488
Cophixalus bombiens,Cophixalus bombiens,1,Windsor  Tbld,1,,,14.83,6.63,5.11,3.15,,,,0.63,,Hoskin 2018,0.447066757,0.212407283,0.344571814,0.042481457,,,,,-0.92285,0.27639,-0.7392,-0.74269
Cophixalus bombiens,Cophixalus bombiens,1,Mossman Gorge,1,conx5282,M,14.2,6.2,4.9,3,,,,0.5,,Hoskin 2018,0.436619718,0.211267606,0.345070423,0.035211268,,,,,-1.00638,-0.10207,-0.76138,-0.6807
Cophixalus bombiens,Cophixalus bombiens,,,,QM J42060,M,13.3,6,4.8,,1.35,1,1.8,0.55,,Zweifel 1985,,,,,,,,,,,,
Cophixalus caverniphilus,Cophixalus caverniphilus,,,,pooled n=17,M,28.1,14.893,10.678,,2.81,2.4447,3.653,2.3885,,Kraus & Allison 2009,0.53,,0.38,0.085,0.1,0.087,0.13,,,,,
Cophixalus caverniphilus,Cophixalus caverniphilus,,,,pooled n=22,F,33.2,17.264,12.284,,3.2536,2.8552,4.316,3.0876,,Kraus & Allison 2009,0.52,,0.37,0.093,0.098,0.086,0.13,,,,,
Cophixalus cheesmanae,Cophixalus cheesmanae,,,,,M,31,16.5,,,,,,,,,,,,,,,,,,,,
Cophixalus cheesmanae,Cophixalus cheesmanae,,,,,F,39,20.7,,,,,,,,,,,,,,,,,,,,
Cophixalus cheesmanae,Cophixalus cheesmanae,,,,,,22,10.56,6.88,,,,,1.1,,,,,,,,,,,,,,
Cophixalus concinnus,Cophixalus concinnus,1,Thornton Pk,1,,,23.24,8.79,8.93,4.56,,,,1.15,,Hoskin 2018,0.378227194,0.196213425,0.384251291,0.049483649,,,,,-0.24455,-0.03528,1.48975,-1.01156
Cophixalus concinnus,Cophixalus concinnus,1,Thornton Pk,1,,,19.88,7.99,7.98,4.95,,,,1.25,,Hoskin 2018,0.401911469,0.248993964,0.401408451,0.062877264,,,,,-0.33579,0.9501,0.70355,1.38544
Cophixalus concinnus,Cophixalus concinnus,1,Thornton Pk,1,,,22.46,8.36,9.61,6.04,,,,1.27,,Hoskin 2018,0.372217275,0.268922529,0.427871772,0.056544969,,,,,-0.10341,-0.10253,1.31668,2.8622
Cophixalus concinnus,Cophixalus concinnus,1,Thornton Pk,1,,,23.76,8.17,9.61,5.47,,,,1.45,,Hoskin 2018,0.343855219,0.230218855,0.404461279,0.061026936,,,,,-0.08015,0.73807,2.17387,1.64782
Cophixalus concinnus,Cophixalus concinnus,1,Thornton Pk,1,,,26.08,9.62,11.51,5.51,,,,1.56,,Hoskin 2018,0.368865031,0.211273006,0.441334356,0.059815951,,,,,0.14909,0.3189,3.05697,-0.08282
Cophixalus concinnus,Cophixalus concinnus,1,Thornton Pk,1,,,27.12,9.84,11.14,6.59,,,,1.45,,Hoskin 2018,0.362831858,0.2429941,0.410766962,0.053466077,,,,,0.20846,-0.49513,1.98947,1.93122
Cophixalus concinnus,Cophixalus concinnus,1,Thornton Pk,1,conx5320,M,23.8,8.6,9.1,5.3,,,,1.25,,Hoskin 2018,0.361344538,0.222689076,0.382352941,0.052521008,,,,,-0.15295,0.0637,1.44109,0.78329
Cophixalus crepitans,Cophixalus crepitans,1,McIlwraith Ra,1,,,12.68,7.01,4.38,2.56,,,,0.45,,Hoskin 2018,0.552839117,0.201892744,0.345425868,0.035488959,,,,,-1.07698,0.11659,-1.60662,-2.06198
Cophixalus crepitans,Cophixalus crepitans,1,McIlwraith Ra,1,,,13.03,6.26,4.16,3,,,,0.56,,Hoskin 2018,0.480429777,0.230237913,0.319263239,0.042977744,,,,,-1.04983,0.51628,-1.41786,-0.36884
Cophixalus crepitans,Cophixalus crepitans,1,McIlwraith Ra,1,,,13.72,7.07,4.78,3.53,,,,0.65,,Hoskin 2018,0.515306122,0.25728863,0.348396501,0.047376093,,,,,-0.91245,0.45134,-1.61417,0.0055
Cophixalus crepitans,Cophixalus crepitans,1,McIlwraith Ra,1,,,11.81,6.02,4.14,3.39,,,,0.67,,Hoskin 2018,0.509737511,0.287044877,0.350550381,0.056731583,,,,,-1.02748,1.01268,-1.57965,1.04099
Cophixalus crepitans,Cophixalus crepitans,1,McIlwraith Ra,1,,,12.78,6.21,4.22,2.55,,,,0.69,,Hoskin 2018,0.485915493,0.199530516,0.330203443,0.05399061,,,,,-1.0527,1.23458,-0.94701,-1.19402
Cophixalus crepitans,Cophixalus crepitans,,,,QM J28817,F,14.1,7.35,5.2,,1.45,1.05,1.95,0.6,,Zweifel 1985,,,,,,,,,,,,
Cophixalus exiguus,Cophixalus exiguus,1,Big Tableland,1,,,17.76,6.96,6.11,3.45,,,,0.46,,Hoskin 2018,0.391891892,0.194256757,0.344031532,0.025900901,,,,,-0.82332,-1.19165,-0.20855,-1.16379
Cophixalus exiguus,Cophixalus exiguus,1,Big Tableland,1,,,13.26,6.07,4.54,3.05,,,,0.55,,Hoskin 2018,0.457767722,0.230015083,0.342383107,0.04147813,,,,,-1.03185,0.31635,-1.04331,-0.19317
Cophixalus exiguus,Cophixalus exiguus,1,Big Tableland,1,conx5297,M,14.9,6.2,5.1,3.5,,,,0.4,,Hoskin 2018,0.416107383,0.234899329,0.342281879,0.026845638,,,,,-0.97188,-0.83277,-0.9539,0.20894
Cophixalus exiguus,Cophixalus exiguus,1,Mt Hartley,1,,,15.28,6.61,5.44,3.54,,,,0.63,,Hoskin 2018,0.432591623,0.231675393,0.356020942,0.041230366,,,,,-0.86961,0.00233,-0.67985,0.03028
Cophixalus exiguus,Cophixalus exiguus,1,Mt Hartley,1,,,17.31,7.48,6.36,3.54,,,,0.64,,Hoskin 2018,0.432120162,0.204506066,0.367417678,0.036972848,,,,,-0.747,-0.48092,-0.26631,-1.20037
Cophixalus exiguus,Cophixalus exiguus,1,Mt Hartley,1,,,13.57,6.65,4.84,3.04,,,,0.72,,Hoskin 2018,0.490051584,0.224023581,0.356669123,0.053058217,,,,,-0.94558,0.91964,-0.94545,-0.66324
Cophixalus gigiraensis,Cophixalus gigiraensis,,,,SAMA R71740,,44.5,18.5,15.4,,4,3.3,4.9,3.3,2.5,Gunther et al. 2023,,,,,,,,,,,,
Cophixalus hinchinbrookensis,Cophixalus hinchinbrookensis,1,Hinchinbrook Is,1,,,17.03,7.25,6.72,3.81,,,,0.78,,Hoskin 2018,0.425719319,0.223722842,0.394597769,0.045801527,,,,,-0.68724,-0.03365,0.07465,-0.26813
Cophixalus hinchinbrookensis,Cophixalus hinchinbrookensis,1,Hinchinbrook Is,1,,,18.34,7.77,6.73,4.14,,,,0.94,,Hoskin 2018,0.423664122,0.225736096,0.36695747,0.051254089,,,,,-0.57662,0.41232,-0.0892,-0.07532
Cophixalus hinchinbrookensis,Cophixalus hinchinbrookensis,1,Hinchinbrook Is,1,,,20.27,8.65,7.7,4.99,,,,1.08,,Hoskin 2018,0.426739023,0.246176616,0.379871732,0.05328071,,,,,-0.35834,0.225,-0.05861,0.72999
Cophixalus hinchinbrookensis,Cophixalus hinchinbrookensis,1,Hinchinbrook Is,1,,,19.14,7.6,7.66,4.35,,,,1.29,,Hoskin 2018,0.39707419,0.227272727,0.400208986,0.067398119,,,,,-0.41458,1.5031,1.03992,0.57508
Cophixalus hinchinbrookensis,Cophixalus hinchinbrookensis,1,Hinchinbrook Is,1,,,20.61,8.48,8.44,4.58,,,,1.3,,Hoskin 2018,0.411450752,0.222222222,0.409509947,0.063076177,,,,,-0.29317,1.04929,1.12428,-0.02218
Cophixalus hinchinbrookensis,Cophixalus hinchinbrookensis,1,Hinchinbrook Is,1,conx5292,M,18.1,7.8,6.4,4.5,,,,0.9,,Hoskin 2018,0.430939227,0.248618785,0.35359116,0.049723757,,,,,-0.58147,0.2538,-0.64958,0.76571
Cophixalus hosmeri,Cophixalus hosmeri,1,Mt Lewis,1,,,13.77,5.66,5.03,3.13,,,,0.44,,Hoskin 2018,0.411038489,0.227305737,0.365286855,0.031953522,,,,,-1.03447,-0.3887,-0.54845,0.0873
Cophixalus hosmeri,Cophixalus hosmeri,1,Mt Lewis,1,,,12.32,4.6,4.33,2.68,,,,0.5,,Hoskin 2018,0.373376623,0.217532468,0.351461039,0.040584416,,,,,-1.1561,0.41808,-0.24527,0.38679
Cophixalus hosmeri,Cophixalus hosmeri,1,Mt Lewis,1,,,14.73,5.88,5.45,3.2,,,,0.5,,Hoskin 2018,0.399185336,0.21724372,0.369993211,0.033944331,,,,,-0.96528,-0.38696,-0.23045,-0.12369
Cophixalus hosmeri,Cophixalus hosmeri,1,Mt Lewis,1,,,16.21,5.07,5.61,2.77,,,,0.52,,Hoskin 2018,0.312769895,0.170882171,0.346082665,0.032078964,,,,,-0.98452,-0.34354,0.87564,-0.68131
Cophixalus hosmeri,Cophixalus hosmeri,1,Mt Lewis,1,,,13.08,5.3,4.85,2.61,,,,0.54,,Hoskin 2018,0.405198777,0.199541284,0.370795107,0.041284404,,,,,-1.08278,0.35093,-0.10837,-0.54401
Cophixalus hosmeri,Cophixalus hosmeri,,,,QM J42058,M,13.2,5.7,5.2,,1.35,1.05,1.85,0.5,,Zweifel 1985,,,,,,,,,,,,
Cophixalus humicola,Cophixalus humicola,,,,ZMB 69705,M,15.7,7.6,5.5,,1.8,1.5,1.9,0.3,,Gunther 2006,,,,,,,,,,,,
Cophixalus infacetus,Cophixalus infacetus,1,Yarabah,1,,,15.96,7.61,5.6,3.73,,,,0.64,,Hoskin 2018,0.476817043,0.233709273,0.350877193,0.040100251,,,,,-0.79402,-0.16229,-1.19222,-0.53391
Cophixalus infacetus,Cophixalus infacetus,1,Mt Bartle Frere,1,,,15.67,7.34,5.14,3,,,,0.69,,Hoskin 2018,0.468410976,0.191448628,0.328015316,0.044033184,,,,,-0.8735,0.47132,-0.87297,-1.79798
Cophixalus infacetus,Cophixalus infacetus,1,Mt Bartle Frere,1,,,14.91,6.53,5.49,3.1,,,,0.72,,Hoskin 2018,0.4379611,0.207914152,0.368209256,0.048289738,,,,,-0.88601,0.55857,-0.26503,-0.7571
Cophixalus infacetus,Cophixalus infacetus,1,Palmerston,1,,,15.6,7.86,5.53,3.92,,,,0.76,,Hoskin 2018,0.503846154,0.251282051,0.354487179,0.048717949,,,,,-0.75078,0.35567,-1.43162,-0.14024
Cophixalus infacetus,Cophixalus infacetus,1,Mt Bellenden Ker,1,,,12.83,6.82,4.41,3.16,,,,0.62,,Hoskin 2018,0.531566641,0.24629774,0.343725643,0.04832424,,,,,-0.99279,0.65291,-1.64377,-0.42996
Cophixalus infacetus,Cophixalus infacetus,1,Henrietta Ck,1,conx5295,M,15.7,7,4.8,3.5,,,,0.65,,Hoskin 2018,0.445859873,0.222929936,0.305732484,0.041401274,,,,,-0.87743,0.25492,-1.26779,-0.3728
Cophixalus infacetus,Cophixalus infacetus,,,,QM J42059,M,15.2,6.7,5.6,,1.6,1.25,2,0.75,,Zweifel 1985,,,,,,,,,,,,
Cophixalus kaindiensis,Cophixalus kaindiensis,,,,AMNH 82904,M,27.3,11.7,10,,,,,1.8,,,,,,,,,,,,,,
Cophixalus kaindiensis,Cophixalus kaindiensis,,,,AMNH 82904,M,27.3,11.7,10,,2.8,2.1,3.2,1.8,,Zweifel 1979,,,,,,,,,,,,
Cophixalus kulakula,Cophixalus kulakula,2,Rock Valley,1,j88541,F,39.8,20.73,16.19,10.31,,,,2.66,,Hoskin 2018,0.520854271,0.259045226,0.40678392,0.066834171,,,,,1.70689,0.41403,-0.34803,-0.94665
Cophixalus kulakula,Cophixalus kulakula,2,Rock Valley,1,j88542,F,42.01,21.47,16.64,11.49,,,,2.61,,Hoskin 2018,0.511068793,0.273506308,0.396096168,0.062128065,,,,,1.8737,-0.56625,-0.98591,0.57735
Cophixalus kulakula,Cophixalus kulakula,2,Nth Boulders,1,j88540,F,42.98,21.53,15.78,10.5,,,,2.92,,Hoskin 2018,0.500930665,0.244299674,0.36714751,0.067938576,,,,,1.85857,1.27917,-0.52555,-1.51832
Cophixalus kulakula,Cophixalus kulakula,2,Nth Boulders,1,j88539,F,45.24,20.29,16.36,11.68,,,,2.78,,Hoskin 2018,0.448496905,0.258178603,0.361626879,0.061450044,,,,,1.93527,-0.08673,0.04152,1.59692
Cophixalus kulakula,Cophixalus kulakula,2,Mt Tozer,1,j88503 (ev274),F,48.01,22.84,17.66,11.78,,,,3.13,,Hoskin 2018,0.475734222,0.245365549,0.367840033,0.065194751,,,,,2.24971,0.64293,0.11729,-0.74151
Cophixalus kulakula,Cophixalus kulakula,2,Tor Hill,2,j88374,F,47.35,22.75,17.97,11.54,,,,3.48,,Hoskin 2018,0.480464625,0.243717001,0.379514256,0.073495248,,,,,2.32172,2.22104,0.84451,-0.8263
Cophixalus kulakula,Cophixalus kulakula,2,Rock Valley,1,,F,44.3,21.7,16.4,,,,,3.4,,Hoskin 2018,0.489841986,,0.37020316,0.076749436,,,,,#NULL!,#NULL!,#NULL!,#NULL!
Cophixalus kulakula,Cophixalus kulakula,2,Nth Boulders,1,j88537,M,40.49,19.55,15.22,9.79,,,,2.63,,Hoskin 2018,0.482835268,0.241788096,0.375895283,0.06495431,,,,,1.58062,0.72132,0.07303,-1.1423
Cophixalus kulakula,Cophixalus kulakula,2,Mt Tozer,1,j88504 (ev275),M,40.63,19.68,15.04,9.86,,,,2.45,,Hoskin 2018,0.484371154,0.242677824,0.370169825,0.060300271,,,,,1.53793,-0.04892,-0.35967,-1.25142
Cophixalus kulakula,Cophixalus kulakula,2,Rock Valley,1,j88544,M,42.47,19.45,14.48,9.95,,,,2.28,,Hoskin 2018,0.457970332,0.234283023,0.340946551,0.053684954,,,,,1.49936,-0.82211,-0.61326,-1.26596
Cophixalus kulakula,Cophixalus kulakula,2,Nth Boulders,1,j88536,M,44.3,20.35,15.94,10.35,,,,2.8,,Hoskin 2018,0.459367946,0.233634312,0.359819413,0.063205418,,,,,1.80657,0.64808,0.44965,-1.21584
Cophixalus kulakula,Cophixalus kulakula,2,Rock Valley,1,j88543,M,44.79,20.96,15.72,10.15,,,,2.52,,Hoskin 2018,0.467961599,0.226613083,0.350971199,0.056262559,,,,,1.74167,-0.5114,-0.19446,-2.49101
Cophixalus kulakula,Cophixalus kulakula,2,Tor Hill,2,j88375,M,29.17,13.87,10.63,6.68,,,,1.73,,Hoskin 2018,0.475488516,0.2290024,0.364415495,0.059307508,,,,,0.45267,0.54565,-0.29394,-1.3899
Cophixalus kulakula,Cophixalus kulakula,2,Tor Hill,2,j88373,M,34.95,16.92,13.15,8.42,,,,2.14,,Hoskin 2018,0.484120172,0.240915594,0.376251788,0.061230329,,,,,1.04164,0.30961,-0.22436,-1.11265
Cophixalus kulakula,Cophixalus kulakula,2,Rock Valley,1,,M,42.4,20.9,15.6,,,,,3,,Hoskin 2018,0.492924528,,0.367924528,0.070754717,,,,,#NULL!,#NULL!,#NULL!,#NULL!
Cophixalus mcdonaldi,Cophixalus mcdonaldi,1,Mt Elliot,1,,,23.82,9.41,8.24,5.84,,,,0.76,,Hoskin 2018,0.39504618,0.245172124,0.345927792,0.031905961,,,,,-0.25289,-1.99984,-0.55049,1.00055
Cophixalus mcdonaldi,Cophixalus mcdonaldi,1,Mt Elliot,1,,,22.41,8.91,7.94,5.23,,,,0.91,,Hoskin 2018,0.397590361,0.233377956,0.354306113,0.040606872,,,,,-0.32046,-0.89716,-0.0959,0.47721
Cophixalus mcdonaldi,Cophixalus mcdonaldi,1,Mt Elliot,1,,,23.72,9,9,4.99,,,,0.92,,Hoskin 2018,0.379426644,0.210370995,0.379426644,0.038785835,,,,,-0.2515,-1.25497,0.94722,-0.51297
Cophixalus mcdonaldi,Cophixalus mcdonaldi,1,Mt Elliot,1,,,27.76,10.39,9.26,5.83,,,,0.98,,Hoskin 2018,0.374279539,0.210014409,0.333573487,0.035302594,,,,,-0.03047,-1.78978,0.36756,-0.53564
Cophixalus mcdonaldi,Cophixalus mcdonaldi,1,Mt Elliot,1,,,25.9,10.2,9.34,6.42,,,,1.05,,Hoskin 2018,0.393822394,0.247876448,0.360617761,0.040540541,,,,,-0.00943,-1.49995,-0.01306,1.35561
Cophixalus mcdonaldi,Cophixalus mcdonaldi,1,Mt Elliot,1,conx5289,M,17.9,7.5,6.3,4.4,,,,0.5,,Hoskin 2018,0.418994413,0.245810056,0.351955307,0.027932961,,,,,-0.71157,-1.40563,-0.94554,0.50573
Cophixalus mcdonaldi,Cophixalus mcdonaldi,,,,QM J42064,F,25,9.6,9.6,,2.25,1.75,2.85,1,,Zweifel 1985,,,,,,,,,,,,
Cophixalus misimae,Cophixalus misimae,,,,UP2676,M,16.1,9,5.2,,1.9,1.5,2.2,0.5,,"Richards & Oliver 2007 A new species of Cophixalus from Misima Island, Papua New Guinea",,,,,,,,,,,,
Cophixalus misimae,Cophixalus misimae,,,,R56871,M,15.5,8.6,5.1,,1.7,1.3,2.2,0.4,,"Richards & Oliver 2007 A new species of Cophixalus from Misima Island, Papua New Guinea",,,,,,,,,,,,
Cophixalus misimae,Cophixalus misimae,,,,R60287,M,15.9,8.7,5.1,,1.7,1.2,2.1,0.5,,"Richards & Oliver 2007 A new species of Cophixalus from Misima Island, Papua New Guinea",,,,,,,,,,,,
Cophixalus misimae,Cophixalus misimae,,,,R60286,M,16.1,8.9,5.8,,1.6,1.3,2.2,0.5,,"Richards & Oliver 2007 A new species of Cophixalus from Misima Island, Papua New Guinea",,,,,,,,,,,,
Cophixalus misimae,Cophixalus misimae,,,,R60288,F,19.3,10,6.4,,2,1.4,2.7,0.5,,"Richards & Oliver 2007 A new species of Cophixalus from Misima Island, Papua New Guinea",,,,,,,,,,,,
Cophixalus misimae,Cophixalus misimae,,,,UP2842,F,19.6,10.4,6,,2,1.6,2.6,0.5,,"Richards & Oliver 2007 A new species of Cophixalus from Misima Island, Papua New Guinea",,,,,,,,,,,,
Cophixalus monticola,Cophixalus monticola,1,Mt Lewis,1,,,17.86,5.51,6.68,3.71,,,,0.69,,Hoskin 2018,0.308510638,0.207726764,0.374020157,0.038633819,,,,,-0.769,-0.41915,1.18286,0.76861
Cophixalus monticola,Cophixalus monticola,1,Mt Lewis,1,,,20.26,6.98,7.58,3.98,,,,0.84,,Hoskin 2018,0.344521224,0.196446199,0.374136229,0.041461007,,,,,-0.56216,-0.42215,1.25027,-0.31188
Cophixalus monticola,Cophixalus monticola,1,Mt Lewis,1,,,20.72,6.45,7.03,4.14,,,,0.88,,Hoskin 2018,0.311293436,0.19980695,0.339285714,0.042471042,,,,,-0.57972,-0.15211,1.18639,0.52228
Cophixalus monticola,Cophixalus monticola,1,Mt Lewis,1,,,18.11,6.08,6.79,4.24,,,,0.94,,Hoskin 2018,0.335726118,0.234124793,0.374930977,0.051905025,,,,,-0.6346,0.43231,0.88713,1.63151
Cophixalus monticola,Cophixalus monticola,1,Mt Lewis,1,,,19.11,7.31,7.17,4.5,,,,0.95,,Hoskin 2018,0.38252224,0.235478807,0.375196232,0.049712193,,,,,-0.52766,0.13586,0.39031,0.9412
Cophixalus neglectus,Cophixalus neglectus,1,Mt Bartle Frere,1,,,20.83,7.7,7.54,4.76,,,,0.79,,Hoskin 2018,0.369659145,0.228516563,0.361977916,0.037926068,,,,,-0.48239,-0.95158,0.30739,0.6923
Cophixalus neglectus,Cophixalus neglectus,1,Mt Bartle Frere,1,,,27.44,10.14,9.67,5.86,,,,0.82,,Hoskin 2018,0.369533528,0.213556851,0.352405248,0.029883382,,,,,-0.06386,-2.5924,0.57117,-0.38322
Cophixalus neglectus,Cophixalus neglectus,1,Mt Bartle Frere,1,,,21.92,7.49,8.21,4.34,,,,0.86,,Hoskin 2018,0.34169708,0.197992701,0.374543796,0.039233577,,,,,-0.44679,-0.83369,1.40709,-0.30629
Cophixalus neglectus,Cophixalus neglectus,1,Mt Bartle Frere,1,,,23.8,8.26,9.08,4.05,,,,1.12,,Hoskin 2018,0.347058824,0.170168067,0.381512605,0.047058824,,,,,-0.29035,-0.09675,2.28824,-1.85995
Cophixalus neglectus,Cophixalus neglectus,1,Mt Bartle Frere,1,,,27.61,9.33,10.37,5.65,,,,1.15,,Hoskin 2018,0.337921043,0.204636001,0.375588555,0.041651576,,,,,0.01439,-1.30112,2.08634,-0.00541
Cophixalus neglectus,Cophixalus neglectus,1,Mt Bartle Frere,1,conx5293,M,20.7,7.2,7.7,4.5,,,,0.65,,Hoskin 2018,0.347826087,0.217391304,0.371980676,0.031400966,,,,,-0.55019,-1.50727,0.71867,0.4167
Cophixalus neglectus,Cophixalus neglectus,1,Mt Bellenden Ker,2,,,24.48,7.88,8.77,4.37,,,,0.78,,Hoskin 2018,0.321895425,0.178513072,0.358251634,0.031862745,,,,,-0.37137,-1.64507,1.80989,-1.18745
Cophixalus neglectus,Cophixalus neglectus,1,Mt Bellenden Ker,2,,,24.57,8.01,8.76,4.38,,,,0.84,,Hoskin 2018,0.326007326,0.178266178,0.356532357,0.034188034,,,,,-0.34912,-1.39502,1.79612,-1.24041
Cophixalus neglectus,Cophixalus neglectus,1,Mt Bellenden Ker,2,,,26.68,8.72,9.18,5.06,,,,0.93,,Hoskin 2018,0.326836582,0.189655172,0.344077961,0.034857571,,,,,-0.18718,-1.58433,1.61637,-0.67956
Cophixalus neglectus,Cophixalus neglectus,1,Mt Bellenden Ker,2,,,27.1,8.85,10.26,5.18,,,,1.01,,Hoskin 2018,0.326568266,0.191143911,0.378597786,0.037269373,,,,,-0.08919,-1.66578,2.37553,-0.66772
Cophixalus neglectus,Cophixalus neglectus,1,Mt Bellenden Ker,2,,,25.74,8.3,9.5,5.48,,,,1.04,,Hoskin 2018,0.322455322,0.212898213,0.369075369,0.04040404,,,,,-0.14645,-1.23027,1.82527,0.85652
Cophixalus neglectus,Cophixalus neglectus,1,Mt Bellenden Ker,2,conx5284,,18.8,6.9,6.8,3.6,,,,0.55,,Hoskin 2018,0.367021277,0.191489362,0.361702128,0.029255319,,,,,-0.73574,-1.17089,0.46525,-0.9783
Cophixalus nubicola,Cophixalus nubicola,,,,AMNH 66581,F,29.2,10.1,11.6,,,,,1.8,,,,,,,,,,,,,,
Cophixalus ornatus,Cophixalus ornatus,1,Kuranda,1,,,20.55,8.68,7.49,4.52,,,,1.25,,Hoskin 2018,0.422384428,0.219951338,0.364476886,0.060827251,,,,,-0.35293,1.15556,0.30087,-0.23866
Cophixalus ornatus,Cophixalus ornatus,1,Mt Haig,1,,,23.21,9.07,7.67,5.11,,,,1.49,,Hoskin 2018,0.390779836,0.220163723,0.330461008,0.064196467,,,,,-0.17274,1.68177,0.4442,0.44872
Cophixalus ornatus,Cophixalus ornatus,1,Mt Spurgeon,1,,,21.84,9.51,7,4.95,,,,1.51,,Hoskin 2018,0.43543956,0.226648352,0.320512821,0.069139194,,,,,-0.22395,2.16239,-0.36328,0.06792
Cophixalus ornatus,Cophixalus ornatus,1,Lambs Head,1,,,27.18,10.55,8.34,6.56,,,,1.67,,Hoskin 2018,0.388153054,0.241353937,0.306843267,0.061442237,,,,,0.14624,1.35335,-0.1645,1.79078
Cophixalus ornatus,Cophixalus ornatus,1,Mt Lewis,1,,,26.87,10.57,8.79,5.76,,,,1.84,,Hoskin 2018,0.393375512,0.214365463,0.327130629,0.068477856,,,,,0.14993,2.23541,0.80121,0.10969
Cophixalus ornatus,Cophixalus ornatus,1,Kuranda,1,conx5280,M,20.3,8,6.8,4.9,,,,1.2,,Hoskin 2018,0.39408867,0.24137931,0.334975369,0.0591133,,,,,-0.40446,1.08378,-0.10877,1.29441
Cophixalus pakayakulangun,Cophixalus pakayakulangun,2,Stanley Hills,1,j88548,F,50.54,24.83,18.13,12.88,,,,3.52,,Hoskin 2018,0.491294025,0.254847645,0.358725762,0.069647804,,,,,2.57795,1.54078,-0.68416,-0.15516
Cophixalus pakayakulangun,Cophixalus pakayakulangun,2,Stanley Hills,1,j88547,F,51.66,23.72,18.59,11.81,,,,3.68,,Hoskin 2018,0.45915602,0.228610143,0.359852884,0.071234998,,,,,2.54547,2.34693,1.33331,-1.75543
Cophixalus pakayakulangun,Cophixalus pakayakulangun,2,Stanley Hills,1,,F,49,22.9,17.8,,,,,3.6,,Hoskin 2018,0.467346939,,0.363265306,0.073469388,,,,,#NULL!,#NULL!,#NULL!,#NULL!
Cophixalus pakayakulangun,Cophixalus pakayakulangun,2,Stanley Hills,1,j88545,M,42.21,19.43,16.26,10.2,,,,2.63,,Hoskin 2018,0.46031746,0.241648898,0.385216773,0.06230751,,,,,1.69302,0.08602,0.85933,-0.56542
Cophixalus pakayakulangun,Cophixalus pakayakulangun,2,Stanley Hills,1,j88546,M,42.87,21.19,15.69,11.5,,,,2.91,,Hoskin 2018,0.494285048,0.268252857,0.365990203,0.067879636,,,,,1.90857,0.97073,-1.04768,1.05678
Cophixalus pakayakulangun,Cophixalus pakayakulangun,2,Stanley Hills,1,,M,46.7,21.7,16.3,,,,,3,,Hoskin 2018,0.464668094,,0.349036403,0.064239829,,,,,#NULL!,#NULL!,#NULL!,#NULL!
Cophixalus pakayakulangun,Cophixalus pakayakulangun,2,Stanley Hills,1,,M,44.4,22.2,16.2,,,,,3,,Hoskin 2018,0.5,,0.364864865,0.067567568,,,,,#NULL!,#NULL!,#NULL!,#NULL!
Cophixalus parkeri,Cophixalus parkeri,,,,,,31,11.9,,,,,,,,,,,,,,,,,,,,
Cophixalus peninsularis,Cophixalus peninsularis,1,McIlwraith Ra,1,,,16.97,7.41,5.45,3.08,,,,0.74,,Hoskin 2018,0.436652917,0.181496759,0.321154979,0.043606364,,,,,-0.81082,0.43117,-0.51301,-1.91562
Cophixalus peninsularis,Cophixalus peninsularis,1,McIlwraith Ra,1,,,17.03,6.93,5.56,3.1,,,,0.78,,Hoskin 2018,0.406928949,0.182031709,0.326482678,0.045801527,,,,,-0.8104,0.57199,-0.10265,-1.45097
Cophixalus peninsularis,Cophixalus peninsularis,,,,QM J42061,M,18.1,7.6,7.2,,1.8,1.2,2.5,0.796,,Zweifel 1985,,,,,,,,,,,,
Cophixalus petrophilus,Cophixalus petrophilus,2,Cape Melville,1,conx5319,M,28.3,14.1,10,7.4,,,,1.5,,Hoskin 2018,0.498233216,0.261484099,0.35335689,0.053003534,,,,,0.40487,-0.40308,-1.7166,0.08764
Cophixalus petrophilus,Cophixalus petrophilus,2,Cape Melville,1,conx5351,M,26.35,13.27,9.84,6.81,,,,1.43,,Hoskin 2018,0.503605313,0.258444023,0.373434535,0.05426945,,,,,0.26656,-0.2511,-1.29216,-0.21308
Cophixalus petrophilus,Cophixalus petrophilus,2,Cape Melville,1,conx5336,M,28.29,14.06,10.77,7.07,,,,1.48,,Hoskin 2018,0.496995405,0.24991163,0.380699894,0.052315306,,,,,0.41393,-0.63273,-0.95681,-0.73799
Cophixalus petrophilus,Cophixalus petrophilus,2,Cape Melville,1,conx5350,F,31.2,15.2,11.82,8.7,,,,1.55,,Hoskin 2018,0.487179487,0.278846154,0.378846154,0.049679487,,,,,0.70372,-1.50451,-1.46984,1.35645
Cophixalus petrophilus,Cophixalus petrophilus,2,Cape Melville,1,conx5335,F,31.79,15.44,11.69,7.63,,,,1.9,,Hoskin 2018,0.485687323,0.240012583,0.3677257,0.059767222,,,,,0.73006,0.33979,-0.55576,-1.06293
Cophixalus pulchellus,Cophixalus pulchellus,,,,BPBM 13744,F,18.9,9.2,5.7,,,,,0.88,,,,,,,,,,,,,,
Cophixalus pulchellus,Cophixalus pulchellus,,,,BPBM 13744,F,18.9,9.2,5.7,,2.3,1.5,2.5,0.88,,Kraus & Allison 2000,,,,,,,,,,,,
Cophixalus riparius,Cophixalus riparius,,,,AMNH 65975,F,45.1,18.2,15.4,,,,,3.7,,,,,,,,,,,,,,
Cophixalus saxatilis,Cophixalus saxatilis,2,Black Mtn,1,,F,40.15,18.67,15.18,9.58,,,,2.28,,Hoskin 2018,0.465006227,0.23860523,0.378082192,0.056787049,,,,,1.43385,-0.67339,0.27957,-1.09392
Cophixalus saxatilis,Cophixalus saxatilis,2,Black Mtn,1,,F,43.54,20.15,15.7,10.61,,,,2.5,,Hoskin 2018,0.462792834,0.243683969,0.360587965,0.057418466,,,,,1.71366,-0.58733,-0.20235,-0.5404
Cophixalus saxatilis,Cophixalus saxatilis,2,Black Mtn,1,,F,45.88,20.56,17.89,11.21,,,,2.78,,Hoskin 2018,0.448125545,0.244333043,0.389930253,0.060592851,,,,,2.00297,-0.50427,1.354,-0.01148
Cophixalus saxatilis,Cophixalus saxatilis,2,Black Mtn,1,,M,33.58,15.94,12.92,9.11,,,,1.68,,Hoskin 2018,0.474687314,0.271292436,0.384752829,0.05002978,,,,,0.8979,-1.68101,-0.92999,1.17802
Cophixalus saxatilis,Cophixalus saxatilis,2,Black Mtn,1,,M,30.5,14.63,11.05,7.4,,,,1.74,,Hoskin 2018,0.479672131,0.242622951,0.362295082,0.05704918,,,,,0.58361,0.07133,-0.725,-0.7046
Cophixalus saxatilis,Cophixalus saxatilis,2,Black Mtn,1,,F,45.1,20.83,17.68,12.23,,,,2.85,,Hoskin 2018,0.461862528,0.271175166,0.392017738,0.063192905,,,,,2.07862,-0.37895,0.3596,2.29494
Cophixalus saxatilis,Cophixalus saxatilis,2,Black Mtn,1,,M,31.89,16.25,12.55,9.09,,,,1.74,,Hoskin 2018,0.509564127,0.285042333,0.393540295,0.054562559,,,,,0.87134,-1.12963,-1.5335,1.28
Cophixalus saxatilis,Cophixalus saxatilis,2,Black Mtn,1,,F,39.5,19.23,15,10.24,,,,2.7,,Hoskin 2018,0.486835443,0.259240506,0.379746835,0.06835443,,,,,1.58822,1.06692,-0.23377,0.42047
Cophixalus saxatilis,Cophixalus saxatilis,2,Black Mtn,1,,F,42.6,19,15.35,10.51,,,,2.45,,Hoskin 2018,0.44600939,0.246713615,0.360328638,0.057511737,,,,,1.61376,-0.53435,0.12869,0.39417
Cophixalus saxatilis,Cophixalus saxatilis,2,Black Mtn,1,conx5298,M,33.9,16.2,12,9.7,,,,1.75,,Hoskin 2018,0.477876106,0.286135693,0.353982301,0.051622419,,,,,0.92707,-1.30351,-1.9988,2.40746
Cophixalus shellyi,Cophixalus shellyi,1,,,AMNH 58551,,16.5,7.2,5.8,,,,,,,,,,,,,,,,,,,
Cophixalus shellyi,Cophixalus shellyi,,,,AMNH 58551,F,16.5,7.2,5.8,,,,,0.7,,,,,,,,,,,,,,
Cophixalus sisyphus,Cophixalus sisyphus,,,,pooled n=24,M,13.3,6.38,5.19,,1.46,1.16,1.73,0.72,,Kraus & Allison 2006,,,,,,,,,,,,
Cophixalus sisyphus,Cophixalus sisyphus,,,,pooled n=3,F,13.3,6.38,5.19,,1.46,1.16,1.73,0.72,,Kraus & Allison 2006,,,,,,,,,,,,
Cophixalus sphagnicola,Cophixalus sphagnicola,,,,AMNH 83077,F,16.3,6.2,6.5,,,,,0.69,,,,,,,,,,,,,,
Cophixalus sphagnicola,Cophixalus sphagnicola,,,,AMNH 83077,F,16.3,6.2,6.5,,1.7,1.1,2.3,0.35,,Zweifel & Allison 1982,,,,,,,,,,,,
Cophixalus tetzlaffi,Cophixalus tetzlaffi,,,,ZMB 62409,M,21.5,11.5,8,,2.6,2,3,1.2,,Gunther 2003,,,,,,,,,,,,
Cophixalus tetzlaffi,Cophixalus tetzlaffi,,,,ZMB 62598,M,21.2,11,8.1,,2.6,1.9,3.1,1,,Gunther 2003,,,,,,,,,,,,
Cophixalus tetzlaffi,Cophixalus tetzlaffi,,,,ZMB 62599,M,20,10.1,8,,2.4,1.8,2.7,1.1,,Gunther 2003,,,,,,,,,,,,
Cophixalus tetzlaffi,Cophixalus tetzlaffi,,,,ZMB 62600,M,22.1,11.2,8.1,,2.5,2,2.8,1.2,,Gunther 2003,,,,,,,,,,,,
Cophixalus timidus,Cophixalus timidus,,,,pooled n=14,M,14.7,7.1,5.73,,1.4,1.3,1.91,0.87,,Kraus & Allison 2006,,,,,,,,,,,,
Cophixalus timidus,Cophixalus timidus,,,,pooled n=15,F,17.5,8.05,6.65,,1.68,1.52,2.28,0.98,,Kraus & Allison 2006,,,,,,,,,,,,
Cophixalus tridactylus,Cophixalus tridactylus,,,,ZMB 62338,M,15.5,7.5,5.5,,1.7,1.6,2.1,0.4,,Gunther 2006,,,,,,,,,,,,
Cophixalus variabilis,Cophixalus variabilis,,,,pooled n=20,M,15.5,8.06,6,,1.55,1.31,2.01,0.91,,Kraus & Allison 2006,,,,,,,,,,,,
Cophixalus variabilis,Cophixalus variabilis,,,,pooled n=21,F,16.8,8.7,6.2,,1.6,1.37,2.02,1.04,,Kraus & Allison 2006,,,,,,,,,,,,
Cophixalus verecundus,Cophixalus verecundus,,,,AMNH 130405,M,16.1,6.1,6.9,,1.5,1.5,1.9,0.45,,Zweifel & Parker 1989,,,,,,,,,,,,
Cophixalus viridis,Cophixalus viridis,,,,SAMA R65103,M,16,8.1,6.5,,2,1.5,2.3,0.9,0.8,Gunther et al. 2014,,,,,,,,,,,,
Cophixalus viridis,Cophixalus viridis,,,,SAMA R65104,M,15.8,8.1,6.1,,1.8,1.6,2.2,1,0.7,Gunther et al. 2014,,,,,,,,,,,,
Cophixalus viridis,Cophixalus viridis,,,,SAMA R65105,M,16.2,7.9,6.5,,1.9,1.8,2.4,1.1,0.9,Gunther et al. 2014,,,,,,,,,,,,
Cophixalus viridis,Cophixalus viridis,,,,SAMA R65107,F,18.4,9.7,7,,2.1,1.8,2.5,1.3,0.9,Gunther et al. 2014,,,,,,,,,,,,
Cophixalus viridis,Cophixalus viridis,,,,PNGNM 24043,F,18.5,9.3,6.9,,2.1,1.8,2.6,1.2,1,Gunther et al. 2014,,,,,,,,,,,,
Cophixalus viridis,Cophixalus viridis,,,,PNGNM 24044,F,18.7,9.2,7.4,,2.3,1.8,2.5,1.3,1,Gunther et al. 2014,,,,,,,,,,,,
Cophixalus viridis,Cophixalus viridis,,,,ZMB 79523,F,18.1,9,6.8,,2,2,2.2,1.1,0.9,Gunther et al. 2014,,,,,,,,,,,,
Cophixalus viridis,Cophixalus viridis,,,,ZMB 79524,F,20.1,9.6,6.8,,2.1,1.8,2.7,1.2,1,Gunther et al. 2014,,,,,,,,,,,,
Cophixalus wempi,Cophixalus wempi,,,,SAMA R61866,M,15.5,7.9,5.8,,1.6,1.4,2.1,1,,Richards & Oliver 2010,,,,,,,,,,,,
Cophixalus zweifeli,Cophixalus zweifeli,2,Cape Melville,1,,F,43.13,20.84,15.3,11.45,,,,2.35,,Hoskin 2018,0.483190355,0.265476466,0.354741479,0.054486436,,,,,1.73326,-1.35714,-1.66639,0.76813
Cophixalus zweifeli,Cophixalus zweifeli,2,Cape Melville,1,,F,45.4,20.8,14.2,,,,,2.45,,Hoskin 2018,0.45814978,,0.31277533,0.053964758,,,,,#NULL!,#NULL!,#NULL!,#NULL!
Cophixalus zweifeli,Cophixalus zweifeli,2,Cape Melville,1,SAMAR51080,F,41.5,20.2,12.8,,,,,2.4,,Hoskin 2018,0.486746988,,0.308433735,0.057831325,,,,,#NULL!,#NULL!,#NULL!,#NULL!
Cophixalus zweifeli,Cophixalus zweifeli,2,Cape Melville,1,conx5316,M,36.3,17.1,12.4,8.9,,,,1.8,,Hoskin 2018,0.47107438,0.245179063,0.341597796,0.049586777,,,,,0.98374,-1.23116,-1.36763,-0.62557
Cophixalus zweifeli,Cophixalus zweifeli,2,Cape Melville,1,conx5315,M,37.9,17.2,12.9,9.6,,,,1.9,,Hoskin 2018,0.453825858,0.253298153,0.340369393,0.050131926,,,,,1.1208,-1.33976,-1.19036,0.59532
Cophixalus zweifeli,Cophixalus zweifeli,2,Cape Melville,1,conx5318,F,46.2,22.5,17.1,12.3,,,,2.74,,Hoskin 2018,0.487012987,0.266233766,0.37012987,0.059307359,,,,,2.11016,-0.85462,-1.08667,0.80092
Cophixalus zweifeli,Cophixalus zweifeli,2,Cape Melville,1,conx5317,F,48.9,22.3,17.2,12.4,,,,2.65,,Hoskin 2018,0.45603272,0.253578732,0.351738241,0.054192229,,,,,2.14482,-1.5814,-0.68884,0.60714
Copiula annanoreenae,Copiula annanoreenae,,,,SAMA R65109,M,22,11.1,8.6,,2.7,1.8,2.6,0.6,1,Gunther et al. 2014,,,,,,,,,,,,
Copiula bisyllaba,Copiula bisyllaba,,,,SAMA R71516,,29.6,15.6,11,,3.3,2.5,2.7,1,1.3,Gunther & Richards 2020,,,,,,,,,,,,
Copiula bisyllaba,Copiula bisyllaba,,,,ZMB 89780,,27.7,15.4,10.8,,3.3,2.5,2.8,0.9,1.4,Gunther & Richards 2020,,,,,,,,,,,,
Copiula bisyllaba,Copiula bisyllaba,,,,SAMA R71454,,33.3,17.3,13,,3.7,2.6,2.9,1,1.5,Gunther & Richards 2020,,,,,,,,,,,,
Copiula bisyllaba,Copiula bisyllaba,,,,ZMB 89781,,29.9,15.6,12,,3.5,2.6,3,0.8,1.3,Gunther & Richards 2020,,,,,,,,,,,,
Copiula bisyllaba,Copiula bisyllaba,,,,SAMA R71517,,33.3,18.2,12.1,,3.7,3,3,1.1,1.5,Gunther & Richards 2020,,,,,,,,,,,,
Copiula bisyllaba,Copiula bisyllaba,,,,SAMA R71455,,29,15.2,10.5,,2.8,2.4,2.8,0.7,1.1,Gunther & Richards 2020,,,,,,,,,,,,
Copiula bisyllaba,Copiula bisyllaba,,,,SJR 14188,,28.9,15.2,10.3,,2.9,2.3,2.8,0.9,1.4,Gunther & Richards 2020,,,,,,,,,,,,
Copiula bisyllaba,Copiula bisyllaba,,,,ZMB 89779,,28.7,15.9,11.1,,3.1,2.4,2.7,0.8,1.3,Gunther & Richards 2020,,,,,,,,,,,,
Copiula bisyllaba,Copiula bisyllaba,,,,SAMA R71515 ,,27.6,14.6,11,,3.3,2.3,2.6,0.9,1.4,Gunther & Richards 2020,,,,,,,,,,,,
Copiula derongo,Austrochaperina derongo,,,,AMNH A82289,F,35.6,15.2,12.8,,,,,0.9,,,,,,,,,,,,,,
Copiula derongo,Austrochaperina derongo,,,,AMNH A82289,F,35.6,15.2,12.8,,3.5,2.7,3.2,0.9,,Zweifel 2000,,,,,,,,,,,,
Copiula guttata,Austrochaperina guttata,,,,MCZ A92812,,42.8,21.6,16.1,,,,,1.6,,,,,,,,,,,,,,
Copiula guttata,Austrochaperina guttata,,,,MCZ A92812,F,42.8,21.6,16.1,,4.5,3.4,4.5,1.6,,Zweifel 2000,,,,,,,,,,,,
Copiula lennarti,Copiula lennarti,,,,SAMA R64990,sub,31.3,16.7,12.2,,3.7,2.8,2.7,0.8,1.5,Gunther et al. 2014,,,,,,,,,,,,
Copiula lennarti,Copiula lennarti,,,,SAMA R64991,M,32.2,17.4,13.2,,3.6,2.8,3,1.1,1.5,Gunther et al. 2014,,,,,,,,,,,,
Copiula lennarti,Copiula lennarti,,,,SAMA R64992,F,32.3,17.4,12.5,,3.7,3,3,0.9,1.4,Gunther et al. 2014,,,,,,,,,,,,
Copiula lennarti,Copiula lennarti,,,,SAMA R64993,F,38.5,20.4,14,,4.3,3,3.2,1.3,1.7,Gunther et al. 2014,,,,,,,,,,,,
Copiula lennarti,Copiula lennarti,,,,SAMA R64994,M,33.8,18.2,12.2,,3.6,2.5,3.1,1.1,1.5,Gunther et al. 2014,,,,,,,,,,,,
Copiula lennarti,Copiula lennarti,,,,ZMB 79525,sub,28.5,15.2,11.4,,3.3,2.6,2.7,1,1.3,Gunther et al. 2014,,,,,,,,,,,,
Copiula mosbyae,Copiula mosbyae,,,,SAMA R71451,,27.4,15.6,10.7,,3.2,2.4,3,0.9,1.2,Gunther & Richards 2020,,,,,,,,,,,,
Copiula mosbyae,Copiula mosbyae,,,,ZMB 89777,,27.8,14.1,10,,3.1,2.4,2.6,1,1.2,Gunther & Richards 2020,,,,,,,,,,,,
Copiula mosbyae,Copiula mosbyae,,,,SAMA R71452,,28.6,14.5,11.1,,3.6,2.4,2.5,1,1.2,Gunther & Richards 2020,,,,,,,,,,,,
Copiula mosbyae,Copiula mosbyae,,,,SJR 4973,,30.5,17.2,10.8,,3.6,2.6,2.9,1.1,1.6,Gunther & Richards 2020,,,,,,,,,,,,
Copiula mosbyae,Copiula mosbyae,,,,ZMB 89778,,27.9,14.6,10,,3.1,2.3,2.7,1,1.3,Gunther & Richards 2020,,,,,,,,,,,,
Copiula rivularis,Austrochaperina rivularis,,,,AMNH A130551,F,49,21.8,17.1,,4.8,3.4,4.8,1.95,,Zweifel 2000,,,,,,,,,,,,
Gastrophrynoides borneensis,Gastrophrynoides borneensis,,,,UNIMAS R21555,,26.8,12.7,8.9,,2.5,2.1,1.5,0.8,,Matsui et al. 2017,,,,,,,,,,,,
Gastrophrynoides immaculatus,Gastrophrynoides immaculatus,,,,HC 00279,,29.3,12.3,8.4,,2.7,2.8,1.5,0.82,,Onn et al. 2009,,,,,,,,,,,,
Gastrophrynoides immaculatus,Gastrophrynoides immaculatus,,,,HC 00199,,24.4,9.4,6.1,,2.4,2.2,1.4,0.7,,Onn et al. 2009,,,,,,,,,,,,
Gastrophrynoides immaculatus,Gastrophrynoides immaculatus,,,,LSUHC 9166,,26.2,12,7,,2.6,2.1,1.6,0.8,,Onn et al. 2009,,,,,,,,,,,,
Hylophorbus atrifasciatus,Hylophorbus atrifasciatus,,,,BPBM 34726,M,22.8,13.1,8.7,,2.5,1.9,2.6,0.64,1.16,Kraus 2013,,,,,,,,,,,,
Hylophorbus nigrinus,Hylophorbus nigrinus,,,,ZMB 62402,,28.6,15.7,10.4,,3,2.4,3.4,0.8,1.4,Gunther 2001,,,,,,,,,,,,
Hylophorbus picoides,Hylophorbus picoides,,,,ZMB 61971,,28.8,16.8,10.3,,3,2,3.9,0.8,1.4,Gunther 2001,,,,,,,,,,,,
Hylophorbus proekes,Hylophorbus proekes,,,,BPBM 22761,M,33.4,17.3,13.1,,3.3,2.1,4.1,0.9,1.73,Kraus & Allison 2009,,,,,,,,,,,,
Hylophorbus rainerguntheri,Hylophorbus rainerguntheri,,,,SAMA R61938,,30.4,15.9,11.06,,2.8,2.1,3.8,0.8,1.2,Richards & Oliver 2007,,,,,,,,,,,,
Hylophorbus rainerguntheri,Hylophorbus rainerguntheri,,,,UPNG 10039 ,,29.7,16.5,10.88,,2.8,1.9,3.6,0.7,1.2,Richards & Oliver 2007,,,,,,,,,,,,
Hylophorbus rainerguntheri,Hylophorbus rainerguntheri,,,,SAMA R61939,,30.05,17.2,10,,2.8,1.9,3.7,0.8,1.4,Richards & Oliver 2007,,,,,,,,,,,,
Hylophorbus rainerguntheri,Hylophorbus rainerguntheri,,,,SAMA R61940,,30.81,18.9,10.55,,2.8,2,3.5,1,1.6,Richards & Oliver 2007,,,,,,,,,,,,
Hylophorbus rainerguntheri,Hylophorbus rainerguntheri,,,,UPNG 10038,,29.9,17.85,10.41,,2.9,1.9,3.4,0.9,1.5,Richards & Oliver 2007,,,,,,,,,,,,
Hylophorbus richardsi,Hylophorbus richardsi,,,,ZMB 62761,,21.5,11.9,8.2,,2.4,1.9,2.9,0.5,0.9,Gunther 2001,,,,,,,,,,,,
Hylophorbus sextus,Hylophorbus sextus,,,,MZB Amph.6918,,30.5,10.9,11.3,,3.4,2.5,4.5,1,1.5,Gunther 2001,,,,,,,,,,,,
Hylophorbus sigridae,Hylophorbus sigridae,,,,SAMA R64998,subF,21.6,13.1,7.6,,2.3,1.6,2.7,0.6,0.9,Gunther et al. 2014,,,,,,,,,,,,
Hylophorbus sigridae,Hylophorbus sigridae,,,,SAMA R64999,M,23.1,13,8.3,,2.7,1.7,2.9,0.7,1.2,Gunther et al. 2014,,,,,,,,,,,,
Hylophorbus sigridae,Hylophorbus sigridae,,,,SAMA R65000,,23.5,13.2,8.2,,2.7,1.7,2.8,0.6,1.1,Gunther et al. 2014,,,,,,,,,,,,
Hylophorbus sigridae,Hylophorbus sigridae,,,,SAMA R65001,M,24.2,13.7,8.4,,2.8,1.6,3.2,0.8,1.2,Gunther et al. 2014,,,,,,,,,,,,
Hylophorbus sigridae,Hylophorbus sigridae,,,,SAMA 65003,M,23.6,13.6,8.3,,2.5,1.7,3,0.7,1.2,Gunther et al. 2014,,,,,,,,,,,,
Hylophorbus sigridae,Hylophorbus sigridae,,,,SAMA 65004,F,23.9,13.9,8.2,,2.7,1.8,3.1,0.8,1.3,Gunther et al. 2014,,,,,,,,,,,,
Hylophorbus sigridae,Hylophorbus sigridae,,,,ZMB 79526,F,24.1,13.9,8.1,,2.7,1.6,3.2,0.7,1.3,Gunther et al. 2014,,,,,,,,,,,,
Hylophorbus sigridae,Hylophorbus sigridae,,,,ZMB 79527,M,21.2,12.9,7.5,,2.3,1.6,2.7,0.5,1,Gunther et al. 2014,,,,,,,,,,,,
Hylophorbus sigridae,Hylophorbus sigridae,,,,ZMB 79528,M,23.1,13.5,8.1,,2.5,1.7,2.9,0.5,1,Gunther et al. 2014,,,,,,,,,,,,
Hylophorbus tetraphonus,Hylophorbus tetraphonus,,,,ZMB 62386,,27.6,15.4,10.2,,3.1,2.2,3.8,0.9,1.3,Gunther 2001,,,,,,,,,,,,
Hylophorbus wondowi,Hylophorbus wondowi,,,,ZMB 61994,,32.9,19,11.9,,3.5,2.5,3.9,0.9,1.5,Gunther 2001,,,,,,,,,,,,
Mantophryne axanthogaster,Mantophryne axanthogaster,,,,BPBM 20411,M,43.3,20.5,15.7,,3.9,3.2,6.4,1.1,1.66,Kraus & Allison 2009,,,,,,,,,,,,
Mantophryne insignis,Mantophryne insignis,,,,SAMA R69237,M,36.2,20.7,11.8,,3.5,3,3.8,1,1.6,Gunther & Richards 2016,,,,,,,,,,,,
Mantophryne insignis,Mantophryne insignis,,,,ZMB 83181,M,35,19.8,11.5,,3.2,2.9,4.1,1,1.5,Gunther & Richards 2016,,,,,,,,,,,,
Mantophryne insignis,Mantophryne insignis,,,,SJR 13932,M,35.4,19.5,11.6,,3.4,3.1,4,1,1.5,Gunther & Richards 2016,,,,,,,,,,,,
Oreophryne albomaculata,Oreophryne albomaculata,,,,SAMA R65135,M,17.7,8.2,7,,1.9,1.5,2.6,1.1,0.8,Gunther et al. 2014,,,,,,,,,,,,
Oreophryne ampelos,Oreophryne ampelos,,,,AMS 30741,M,31.5,13.4,12.2,,2.5,3,3.5,2.15,,Kraus 2011,,,,,,,,,,,,
Oreophryne ampelos,Oreophryne ampelos,,,,AMS 30742,F,35.1,14,13.1,,2.6,2.9,4.1,2.35,,Kraus 2011,,,,,,,,,,,,
Oreophryne ampelos,Oreophryne ampelos,,,,BPBM 35949,F,30.2,12.5,11.2,,2.5,2.7,3.7,2.3,,Kraus 2011,,,,,,,,,,,,
Oreophryne ampelos,Oreophryne ampelos,,,,AMNH 84535,F,35,15.4,12.9,,2.8,3,4.2,2.56,,Kraus 2011,,,,,,,,,,,,
Oreophryne ampelos,Oreophryne ampelos,,,,AMNH 84536,F,35.1,15,13.6,,2.7,3.1,3.9,2.7,,Kraus 2011,,,,,,,,,,,,
Oreophryne ampelos,Oreophryne ampelos,,,,AMNH 84537,F,33.3,13.8,12.5,,2.6,3,4,2.3,,Kraus 2011,,,,,,,,,,,,
Oreophryne ampelos,Oreophryne ampelos,,,,AMNH 84538,F,31.3,14.2,11.9,,2.4,2.6,3.4,2.38,,Kraus 2011,,,,,,,,,,,,
Oreophryne ampelos,Oreophryne ampelos,,,,AMNH 84539,M,26.3,12,11,,2.3,2.6,3.4,2.05,,Kraus 2011,,,,,,,,,,,,
Oreophryne ampelos,Oreophryne ampelos,,,,AMNH 84540,F,31.6,14,12.2,,2.9,3,3.7,2.54,,Kraus 2011,,,,,,,,,,,,
Oreophryne ampelos,Oreophryne ampelos,,,,AMNH 130500,M,28.9,12.2,10.7,,2.4,2.6,3.4,1.99,,Kraus 2011,,,,,,,,,,,,
Oreophryne anamiatoi,Oreophryne anamiatoi,,,,pooled n=11,M,25.2,11.34,9.828,,2.5956,1.9404,3.024,1.7892,,Kraus & Allison 2009,0.45,,0.39,0.071,0.103,0.077,0.12,,,,,
Oreophryne anamiatoi,Oreophryne anamiatoi,,,,pooled n=4,F,29,13.63,11.31,,2.9,2.291,3.48,2.146,,Kraus & Allison 2009,0.47,,0.39,0.074,0.1,0.079,0.12,,,,,
Oreophryne cameroni,Oreophryne cameroni,,,,BPBM 34677,M,19.8,10.1,8.4,,2,1.9,2.8,1.3,,Kraus 2013,,,,,,,,,,,,
Oreophryne cameroni,Oreophryne cameroni,,,,BPBM 34678,M,20.4,9.9,8,,2.1,2,2.7,1.38,,Kraus 2013,,,,,,,,,,,,
Oreophryne cameroni,Oreophryne cameroni,,,,BPBM 34679,subM,15.6,7.9,5.8,,1.6,1.5,2.1,0.8,,Kraus 2013,,,,,,,,,,,,
Oreophryne cameroni,Oreophryne cameroni,,,,AMNH 78139,M,19.5,9.6,7.2,,1.9,1.8,2.7,0.94,,Kraus 2013,,,,,,,,,,,,
Oreophryne curator,Oreophryne curator,,,,SAMA R65139,M,23.4,10.5,9.6,,2.2,2,3.3,1.6,1.2,Gunther et al. 2014,,,,,,,,,,,,
Oreophryne gagneorum,Oreophryne gagneorum,,,,pooled n=35,M,18.5,9.5,7.4,,1.8,2,2.6,1.34,,Kraus 2013,,,,,,,,,,,,
Oreophryne gagneorum,Oreophryne gagneorum,,,,pooled n=14,F,20.5,10.6,8.2,,1.9,2.2,2.8,1.52,,Kraus 2013,,,,,,,,,,,,
Oreophryne parkopanorum,Oreophryne parkopanorum,,,,BPBM 22787,subM,15.8,8.3,6.3,,1.8,1.4,2.2,0.78,,Kraus 2013,,,,,,,,,,,,
Oreophryne parkopanorum,Oreophryne parkopanorum,,,,BPBM 22788,M,17.5,9,7.1,,1.9,1.7,2.5,0.9,,Kraus 2013,,,,,,,,,,,,
Oreophryne parkopanorum,Oreophryne parkopanorum,,,,BPBM 22789,F,20.1,10,8,,2.2,1.7,2.9,1.14,,Kraus 2013,,,,,,,,,,,,
Oreophryne parkopanorum,Oreophryne parkopanorum,,,,BPBM 22790,M,17.7,8,6.9,,1.8,1.6,2.7,0.85,,Kraus 2013,,,,,,,,,,,,
Oreophryne parkopanorum,Oreophryne parkopanorum,,,,PNGNM 24152,M,17.5,8.7,7,,2.1,1.6,2.5,1.14,,Kraus 2013,,,,,,,,,,,,
Paedophryne amauensis,Paedophryne amauensis,,,,LSUMZ 95000*,M,7.5,3.8,2.85,,0.8,0.6,1.05,0.25,0.3,Rittmeyer et al. 2012,,,,,,,,,,,,
Paedophryne amauensis,Paedophryne amauensis,,,,LSUMZ 95001 ,M,7,3.55,2.75,,0.75,0.55,0.95,0.2,0.25,Rittmeyer et al. 2012,,,,,,,,,,,,
Paedophryne amauensis,Paedophryne amauensis,,,,LSUMZ 95002,M,7.85,3.75,2.75,,0.8,0.6,1,0.2,0.3,Rittmeyer et al. 2012,,,,,,,,,,,,
Paedophryne amauensis,Paedophryne amauensis,,,,LSUMZ 95003 ,M,8,3.9,2.9,,0.85,0.6,1.2,0.25,0.4,Rittmeyer et al. 2012,,,,,,,,,,,,
Paedophryne amauensis,Paedophryne amauensis,,,,LSUMZ 95004 ,M,8,3.95,2.9,,0.9,0.6,1.1,0.25,0.3,Rittmeyer et al. 2012,,,,,,,,,,,,
Paedophryne amauensis,Paedophryne amauensis,,,,LSUMZ 95005 ,M,7.7,3.8,2.9,,0.85,0.65,1,0.2,0.3,Rittmeyer et al. 2012,,,,,,,,,,,,
Paedophryne amauensis,Paedophryne amauensis,,,,LSUMZ 95006 ,M,7.85,3.8,2.75,,0.85,0.6,1.1,0.2,0.3,Rittmeyer et al. 2012,,,,,,,,,,,,
Paedophryne kathismaphlox,Paedophryne kathismaphlox,,,,BPBM 17975 ,F,10.4,3.64,3.952,,0.9048,0.6968,1.248,0.2496,0.3848,Rittmeyer et al. 2012,0.35,,0.38,0.024,0.087,0.067,0.12,0.037,,,,
Paedophryne kathismaphlox,Paedophryne kathismaphlox,,,,BPBM 17976 ,F,10.9,4.142,3.815,,1.0028,0.7957,1.308,0.3052,0.3488,Rittmeyer et al. 2012,0.38,,0.35,0.028,0.092,0.073,0.12,0.032,,,,
Paedophryne kathismaphlox,Paedophryne kathismaphlox,,,,BPBM 17977*,F,10.5,4.095,3.675,,0.9975,0.798,1.26,0.3255,0.3885,Rittmeyer et al. 2012,0.39,,0.35,0.031,0.095,0.076,0.12,0.037,,,,
Paedophryne kathismaphlox,Paedophryne kathismaphlox,,,,BPBM 35353 ,M,10.1,3.939,3.737,,0.9999,0.7979,1.212,0.2929,0.3535,Rittmeyer et al. 2012,0.39,,0.37,0.029,0.099,0.079,0.12,0.035,,,,
Paedophryne oyatubu,Paedophryne oyatubu,,,,BPBM 16433*,F,11.3,4.4974,4.2036,,1.0961,0.7006,1.5029,0.2825,0.3503,Rittmeyer et al. 2012,0.398,,0.372,0.025,0.097,0.062,0.133,0.031,,,,
Paedophryne swiftorum,Paedophryne swiftorum,,,,BPBM 31880 ,M,8.5,3.95,2.8,,0.95,0.55,1.2,0.15,0.35,Rittmeyer et al. 2012,,,,,,,,,,,,
Paedophryne swiftorum,Paedophryne swiftorum,,,,BPBM 31881 ,M,8.9,3.8,2.9,,0.95,0.6,1.25,0.2,0.4,Rittmeyer et al. 2012,,,,,,,,,,,,
Paedophryne swiftorum,Paedophryne swiftorum,,,,BPBM 31882 ,M,8.4,3.7,3,,0.95,0.6,1.25,0.2,0.35,Rittmeyer et al. 2012,,,,,,,,,,,,
Paedophryne swiftorum,Paedophryne swiftorum,,,,BPBM 31883*,M,8.55,4,3,,0.95,0.55,1.25,0.15,0.35,Rittmeyer et al. 2012,,,,,,,,,,,,
Paedophryne swiftorum,Paedophryne swiftorum,,,,BPBM 31884 ,M,8.25,3.85,2.9,,0.9,0.55,1.15,0.2,0.35,Rittmeyer et al. 2012,,,,,,,,,,,,
Paedophryne swiftorum,Paedophryne swiftorum,,,,BPBM 31886 ,M,8.5,4,3,,0.9,0.55,1.25,0.2,0.4,Rittmeyer et al. 2012,,,,,,,,,,,,
Siamophryne troglodytes,Siamophryne troglodytes,,,,AUP-00500,M,22.1,10.8,7.1,,2.3,1.9,3,1.3,,Suwannapoom et al. 2018,,,,,,,,,,,,
Siamophryne troglodytes,Siamophryne troglodytes,,,,AUP-00501,M,24.9,10.1,7.6,,2.3,1.5,3.2,1.3,,Suwannapoom et al. 2018,,,,,,,,,,,,
Siamophryne troglodytes,Siamophryne troglodytes,,,,AUP-00502,M,19.8,10,6.6,,1.9,1.5,2.5,1.2,,Suwannapoom et al. 2018,,,,,,,,,,,,
Siamophryne troglodytes,Siamophryne troglodytes,,,,AUP-00503,M,24.6,12.4,8.6,,2.4,1.9,3,1.2,,Suwannapoom et al. 2018,,,,,,,,,,,,
Siamophryne troglodytes,Siamophryne troglodytes,,,,AUP-00504,M,24.1,11.5,7.5,,2.4,2,2.8,1.1,,Suwannapoom et al. 2018,,,,,,,,,,,,
Siamophryne troglodytes,Siamophryne troglodytes,,,,NAP-06651,M,19.1,9.7,6.6,,1.7,1.2,2.4,1,,Suwannapoom et al. 2018,,,,,,,,,,,,
Siamophryne troglodytes,Siamophryne troglodytes,,,,AUP-00505,,26.6,13.3,8.5,,2.6,2,3.3,1.5,,Suwannapoom et al. 2018,,,,,,,,,,,,
Siamophryne troglodytes,Siamophryne troglodytes,,,,AUP-00506,,25.9,10.2,7.7,,2.7,1.6,3.6,1.5,,Suwannapoom et al. 2018,,,,,,,,,,,,
Siamophryne troglodytes,Siamophryne troglodytes,,,,AUP-00507,,25,12.8,9.4,,2.5,2.1,3.2,1.4,,Suwannapoom et al. 2018,,,,,,,,,,,,
Siamophryne troglodytes,Siamophryne troglodytes,,,,AUP-00508,,27.8,13.2,8.1,,2.8,2.2,3.4,1.6,,Suwannapoom et al. 2018,,,,,,,,,,,,
Siamophryne troglodytes,Siamophryne troglodytes,,,,NAP-06652,,26.1,12.3,8.8,,2.7,1.7,3,1.3,,Suwannapoom et al. 2018,,,,,,,,,,,,
Sphenophryne coggeri,Oxydactyla coggeri,,,,AMS R22851,M,23.5,8.4,9.4,,2.2,1.65,2.65,0.54,,Zweifel 2000,,,,,,,,,,,,
Sphenophryne magnitympanum,Liophryne magnitympanum,,,,BPBM 19358,M,23.2,12.4,10.1,,3.2,1.9,3,0.65,1.13,Kraus & Allison 2009,,,,,,,,,,,,
Sphenophryne rubra,Liophryne rubra,,,,UPNG 9361,F,37.5,21.1,15,,4.9,2.8,4,1.1,,Zweifel 2000,,,,,,,,,,,,
Sphenophryne rubra,Liophryne rubra,,,,UPNG 4147,F,37,21,14.5,,4.3,2.8,4.1,0.9,,Zweifel 2000,,,,,,,,,,,,
Sphenophryne similis,Liophryne similis,,,,AMNH A130570,M,49.7,22.9,19.3,,5.2,3.5,5.1,1.55,,Zweifel 2000,,,,,,,,,,,,
Sphenophryne stenodactyla,Oxydactyla stenodactyla,,,,AMNH A66047,F,30.4,9.2,10.6,,2.5,1.6,2.9,0.4,,Zweifel 2000,,,,,,,,,,,,
Vietnamophryne inexpectata,Vietnamophryne inexpectata,,,,ZMMU A-5820,M,14.2,7.2,5.4,,1.5,0.9,1.9,0.3,,Poyarkov et al. 2018,,,,,,,,,,,,
Vietnamophryne occidentalis,Vietnamophryne occidentalis,,,,ZMMU A-5822,M,20.5,10,6.8,,2.4,1.4,2.5,0.7,,Poyarkov et al. 2018,,,,,,,,,,,,
Vietnamophryne orlovi,Vietnamophryne orlovi,,,,ZMMU A-5821,M,15.4,7.1,5.8,,1.8,2,1.8,0.4,,Poyarkov et al. 2018,,,,,,,,,,,,
Xenorhina arboricola,Xenorhina arboricola,,,,BPBM 13746,,41.7,19.8,12.6,,2.9,3.4,2.5,2.1,2.1,Allison & Kraus 2000,,,,,,,,,,,,
Xenorhina arboricola,Xenorhina arboricola,,,,BPBM 13747,,37.9,17.2,12.3,,2.6,3.3,2.8,2,2,Allison & Kraus 2000,,,,,,,,,,,,
Xenorhina arboricola,Xenorhina arboricola,,,,BPBM 13745,,46.4,20.8,13.1,,3,3.6,2.9,2.5,2.1,Allison & Kraus 2000,,,,,,,,,,,,
Xenorhina brachyrhyncha,Xenorhina brachyrhyncha,,,,AMS 15021,F,21.2,10.3,8,,1.6,1.7,1.6,0.53,,Kraus 2011,,,,,,,,,,,,
Xenorhina lacrimosa,Xenorhina lacrimosa,,,,SAMA R71647 ,F,34.3,15,11.9,,1.7,2.5,2.4,0.8,1.3,Gunther & Richards 2021,,,,,,,,,,,,
Xenorhina lacrimosa,Xenorhina lacrimosa,,,,ZMB 91129 ,M,36.9,17,14.6,,2.3,3,2.7,1,1.6,Gunther & Richards 2021,,,,,,,,,,,,
Xenorhina lacrimosa,Xenorhina lacrimosa,,,,ZMB 91130 ,M,41,18.6,16,,2.6,3.6,2.8,1.1,1.5,Gunther & Richards 2021,,,,,,,,,,,,
Xenorhina lacrimosa,Xenorhina lacrimosa,,,,SAMA R71648 ,M,36.2,15.3,13.1,,2.2,2.6,2.3,0.8,1.3,Gunther & Richards 2021,,,,,,,,,,,,
Xenorhina lacrimosa,Xenorhina lacrimosa,,,,SAMA R65069 ,M,37.3,15.8,12.7,,2.4,3.5,2.4,0.8,1.5,Gunther & Richards 2021,,,,,,,,,,,,
Xenorhina lacrimosa,Xenorhina lacrimosa,,,,SAMA R65070 ,M,34.5,15.3,11.4,,2.3,3.4,2.2,0.9,1.4,Gunther & Richards 2021,,,,,,,,,,,,
Xenorhina lacrimosa,Xenorhina lacrimosa,,,,SAMA R65071,subF,35.1,15.4,13.1,,2.2,3,2.1,0.9,1.3,Gunther & Richards 2021,,,,,,,,,,,,
Xenorhina perexigua,Xenorhina perexigua,,,,SAMA R71645,M,16.7,7.6,5.5,,1.1,1.4,1.3,0.35,0.6,Gunther & Richards 2021,,,,,,,,,,,,
Xenorhina pohleorum,Xenorhina pohleorum,,,,SAMA R71644,M,20.3,9,6.4,,1.2,1.6,1.3,0.4,0.7,Gunther & Richards 2021,,,,,,,,,,,,
Xenorhina pohleorum,Xenorhina pohleorum,,,,SAMA R60217,M,21.2,9.4,6.5,,1.3,1.7,1.2,0.4,0.7,Gunther & Richards 2021,,,,,,,,,,,,
Xenorhina thiekeorum,Xenorhina thiekeorum,,,,SAMA R71651,,23,9.2,7.5,,1.3,1.9,1.8,0.5,0.7,Gunther & Richards 2021,,,,,,,,,,,,
Xenorhina thiekeorum,Xenorhina thiekeorum,,,,ZMB 91131,,20.7,9.2,6.9,,1.2,1.7,1.6,0.5,0.7,Gunther & Richards 2021,,,,,,,,,,,,
Xenorhina thiekeorum,Xenorhina thiekeorum,,,,PNGNM ,,23.5,10.1,7.7,,1.3,2,1.6,0.6,0.8,Gunther & Richards 2021,,,,,,,,,,,,
Xenorhina thiekeorum,Xenorhina thiekeorum,,,,SAMA R71652,,22.6,9.7,7.3,,1.4,1.9,1.7,0.6,0.7,Gunther & Richards 2021,,,,,,,,,,,,
Xenorhina tillacki,Xenorhina tillacki,,,,SAMA R65067,M,20.3,9.1,7.6,,1.3,1.7,1.7,0.5,0.8,Gunther et al. 2014,,,,,,,,,,,,
Xenorhina tillacki,Xenorhina tillacki,,,,SAMA R65068,M,21.7,9.5,7.9,,1.3,1.7,1.7,0.5,0.8,Gunther et al. 2014,,,,,,,,,,,,
Xenorhina tillacki,Xenorhina tillacki,,,,ZMB 79532,M,18.2,8.7,7,,1.2,1.6,1.5,0.4,0.8,Gunther et al. 2014,,,,,,,,,,,,
Xenorhina wiegankorum,Xenorhina wiegankorum,,,,SAMA R71653,,32.4,14.4,10.7,,1.9,2.6,2,0.8,1.2,Gunther & Richards 2021,,,,,,,,,,,,
Xenorhina wiegankorum,Xenorhina wiegankorum,,,,SJR10373,,32,14.9,11.3,,2.1,2.7,2.1,0.9,1.3,Gunther & Richards 2021,,,,,,,,,,,,
Xenorhina wiegankorum,Xenorhina wiegankorum,,,,ZMB 91132,,34.9,16,11.9,,2.2,2.7,2.2,0.7,1.2,Gunther & Richards 2021,,,,,,,,,,,,
Xenorhina wiegankorum,Xenorhina wiegankorum,,,,SAMA R71654,,33.1,15.5,11.5,,2.1,2.5,2.2,0.8,1.3,Gunther & Richards 2021,,,,,,,,,,,,
Xenorhina wiegankorum,Xenorhina wiegankorum,,,,SAMA R65073,,35.7,15.6,11.4,,2,2.5,2.2,0.8,1.4,Gunther & Richards 2021,,,,,,,,,,,,
Choerophryne pandanicola,Albericus pandanicolus,,,,SAMA R66101,M,19.6,7,8,,1.9,1.9,2.5,1.4,1.2,Gunther & Richards 2011,,,,,,,,,,,,
Choerophryne pandanicola,Albericus pandanicolus,,,,SAMA R66102,M,18.4,7,6.6,,1.6,1.7,2.1,1.2,1.1,Gunther & Richards 2011,,,,,,,,,,,,
Choerophryne pandanicola,Albericus pandanicolus,,,,ZMB 76958 ,M,18,6.8,6.7,,1.9,1.7,2.5,1.2,1.1,Gunther & Richards 2011,,,,,,,,,,,,
Choerophryne pandanicola,Albericus pandanicolus,,,,ZMB 76959 ,M,19.3,6.6,6.7,,1.7,1.5,2.4,1.3,1.2,Gunther & Richards 2011,,,,,,,,,,,,
Choerophryne brevicrus,Albericus brevicrus,,,,ZMB 76743,M,14.4,5.1,6.1,,1.4,1.4,2,0.8,0.5,Gunther & Richards 2011,,,,,,,,,,,,
Choerophryne brevicrus,Albericus brevicrus,,,,ZMB 76744,F,17.7,5.3,6.2,,1.4,1.3,2.2,0.6,0.6,Gunther & Richards 2011,,,,,,,,,,,,
Choerophryne brevicrus,Albericus brevicrus,,,,ZMB 76745,M,15.1,5.2,6.5,,1.4,1.4,1.8,0.65,0.45,Gunther & Richards 2011,,,,,,,,,,,,
Choerophryne brevicrus,Albericus brevicrus,,,,UPNG 10060,subM,13.4,4.7,5.8,,1.2,1.1,1.7,0.55,0.45,Gunther & Richards 2011,,,,,,,,,,,,
Choerophryne brevicrus,Albericus brevicrus,,,,SAMAR 66097,M,14.5,4.8,6,,1.2,1.2,1.8,0.65,0.5,Gunther & Richards 2011,,,,,,,,,,,,
Choerophryne brevicrus,Albericus brevicrus,,,,SAMA R66098,M,14.8,5,6.3,,1.5,1.25,1.8,0.65,0.65,Gunther & Richards 2011,,,,,,,,,,,,
Choerophryne brevicrus,Albericus brevicrus,,,,ZMB 76742,M,15,5,6.4,,1.5,1.2,1.9,0.7,0.6,Gunther & Richards 2011,,,,,,,,,,,,
Choerophryne brevicrus,Albericus brevicrus,,,,SAMA R66099,M,14.3,4.9,6.1,,1.35,1.15,1.8,0.6,0.6,Gunther & Richards 2011,,,,,,,,,,,,
Choerophryne brevicrus,Albericus brevicrus,,,,SAMA R66100,M,17.8,5.6,7.2,,1.6,1.35,2.2,1,0.8,Gunther & Richards 2011,,,,,,,,,,,,
Choerophryne brevicrus,Albericus brevicrus,,,,UPNG 10061,M,18.2,5.9,6.9,,1.7,1.5,2.1,0.75,0.8,Gunther & Richards 2011,,,,,,,,,,,,
Cophixalus tenuidactylus,Cophixalus tenuidactylus,,,,SAMA R66103,M,20.3,6.3,8.5,,2,1.3,2.1,0.5,0.5,Gunther & Richards 2011,,,,,,,,,,,,
Cophixalus tenuidactylus,Cophixalus tenuidactylus,,,,SAMA R66104,F,23.5,7.6,9,,2.2,1.7,2.6,0.45,0.55,Gunther & Richards 2011,,,,,,,,,,,,
Cophixalus tenuidactylus,Cophixalus tenuidactylus,,,,SAMA R66105,M,20.3,6.7,7.5,,2,1.5,2.4,0.4,0.45,Gunther & Richards 2011,,,,,,,,,,,,
Cophixalus tenuidactylus,Cophixalus tenuidactylus,,,,ZMB 76746,M,18.4,6.6,7.7,,2,1.4,2.15,0.35,0.45,Gunther & Richards 2011,,,,,,,,,,,,
Cophixalus tenuidactylus,Cophixalus tenuidactylus,,,,ZMB 76747,F,20.9,7.1,7.5,,1.9,1.6,2.2,0.5,0.6,Gunther & Richards 2011,,,,,,,,,,,,
Cophixalus tenuidactylus,Cophixalus tenuidactylus,,,,ZMB 76748,subM,17.8,6.3,7.2,,1.8,1.5,2,0.5,0.5,Gunther & Richards 2011,,,,,,,,,,,,
Cophixalus tenuidactylus,Cophixalus tenuidactylus,,,,SAMA R66106,subM,16.8,6.3,7,,1.6,1.25,2,0.5,0.5,Gunther & Richards 2011,,,,,,,,,,,,
Cophixalus tenuidactylus,Cophixalus tenuidactylus,,,,UPNG 10062,subM,16.5,6.2,6.5,,1.65,1.2,2,0.35,0.4,Gunther & Richards 2011,,,,,,,,,,,,
Oreophryne streiffeleri,Oreophryne streiffeleri,,,,ZMB 76749,M,22.4,9.3,8.4,,2.1,2,2.7,1.4,1.4,Gunther & Richards 2011,,,,,,,,,,,,
Oreophryne streiffeleri,Oreophryne streiffeleri,,,,UPNG 10065,M,21.6,9.9,8.7,,2.1,1.9,2.6,1.6,1.5,Gunther & Richards 2011,,,,,,,,,,,,
Oreophryne streiffeleri,Oreophryne streiffeleri,,,,UPNG 10066,F,22.5,9.7,8.5,,2,1.7,2.8,1.5,1.4,Gunther & Richards 2011,,,,,,,,,,,,
Oreophryne streiffeleri,Oreophryne streiffeleri,,,,ZMB 76750,M,21.2,9.3,8.4,,2.2,1.9,2.5,1.3,1.4,Gunther & Richards 2011,,,,,,,,,,,,
Oreophryne streiffeleri,Oreophryne streiffeleri,,,,ZMB 76751,F,24.6,10.2,9.1,,2.3,2,3,2,1.8,Gunther & Richards 2011,,,,,,,,,,,,
Oreophryne streiffeleri,Oreophryne streiffeleri,,,,SAMA R66117,M,21.7,9.5,8.9,,2,1.9,2.5,1.5,1.4,Gunther & Richards 2011,,,,,,,,,,,,
Oreophryne streiffeleri,Oreophryne streiffeleri,,,,SAMA R66118,M,22.4,9.3,8.7,,2.1,1.8,2.5,1.7,1.5,Gunther & Richards 2011,,,,,,,,,,,,
Oreophryne streiffeleri,Oreophryne streiffeleri,,,,ZMB 76752,M,20.7,9.2,8,,2.1,1.9,2.5,1.4,1.3,Gunther & Richards 2011,,,,,,,,,,,,
Oreophryne streiffeleri,Oreophryne streiffeleri,,,,SAMA R66119,M,20.2,8.8,7.9,,1.9,1.7,2.6,1.4,1.3,Gunther & Richards 2011,,,,,,,,,,,,
Oreophryne streiffeleri,Oreophryne streiffeleri,,,,UPNG 10067,subM,14.9,6.2,5.9,,1.5,1.3,1.9,0.7,0.6,Gunther & Richards 2011,,,,,,,,,,,,
Oreophryne streiffeleri,Oreophryne streiffeleri,,,,SAMA R66120,F,25.1,10.1,9.5,,2.1,1.8,3.1,2.1,1.8,Gunther & Richards 2011,,,,,,,,,,,,
Oreophryne graminis,Oreophryne graminis,,,,SAMA R66121,M,16.5,6,6.8,,1.6,1.2,2,0.9,0.75,Gunther & Richards 2011,,,,,,,,,,,,
Oreophryne graminis,Oreophryne graminis,,,,SAMA R66122,M,17.2,6.1,6.7,,1.8,1.4,2,1,1,Gunther & Richards 2011,,,,,,,,,,,,
Oreophryne graminis,Oreophryne graminis,,,,ZMB 76753,M,17.4,6.2,6.7,,1.9,1.3,2.2,1,1,Gunther & Richards 2011,,,,,,,,,,,,
Oreophryne graminis,Oreophryne graminis,,,,SAMA R66123,M,18.3,6.4,6.9,,1.8,1.5,2.2,1,0.95,Gunther & Richards 2011,,,,,,,,,,,,
Oreophryne graminis,Oreophryne graminis,,,,SAMA R66124,M,16.8,6.1,6.5,,1.6,1.25,1.9,0.8,0.9,Gunther & Richards 2011,,,,,,,,,,,,
Oreophryne graminis,Oreophryne graminis,,,,ZMB 76754,M,15.7,5.9,6,,1.55,1.2,1.9,0.75,0.65,Gunther & Richards 2011,,,,,,,,,,,,
Oreophryne graminis,Oreophryne graminis,,,,SAMA R66125,M,17.3,5.9,6.4,,1.6,1.3,2,0.8,0.85,Gunther & Richards 2011,,,,,,,,,,,,
Oreophryne graminis,Oreophryne graminis,,,,ZMB 76755,F,22.1,7.8,8,,2.2,1.6,2.5,1.3,1.2,Gunther & Richards 2011,,,,,,,,,,,,
Oreophryne graminis,Oreophryne graminis,,,,ZMB 76756,M,18.5,6.4,6.4,,1.8,1.2,2.3,1,1,Gunther & Richards 2011,,,,,,,,,,,,
Oreophryne graminis,Oreophryne graminis,,,,UPNG 10068,M,17.4,6.1,7,,1.7,1.5,2.1,0.75,0.7,Gunther & Richards 2011,,,,,,,,,,,,
Oreophryne graminis,Oreophryne graminis,,,,UPNG 10069,M,16.3,6.4,6.5,,1.8,1.35,2,0.8,0.8,Gunther & Richards 2011,,,,,,,,,,,,
Oreophryne graminis,Oreophryne graminis,,,,UPNG 10070,M,15.8,5.9,6.1,,1.5,1.1,2,0.75,0.75,Gunther & Richards 2011,,,,,,,,,,,,
Choerophryne cf. alpestris,Albericus cf. alpestris,,,,SAMA R66107,M,19.2,6,8,,1.6,1.6,2.3,0.7,0.7,Gunther & Richards 2011,,,,,,,,,,,,
Choerophryne cf. alpestris,Albericus cf. alpestris,,,,UPNG 10063,M,21.4,6.2,8.5,,1.7,1.75,2.3,0.8,0.7,Gunther & Richards 2011,,,,,,,,,,,,
Choerophryne cf. alpestris,Albericus cf. alpestris,,,,ZMB 76757,M,19.4,5.8,8.8,,1.6,1.6,2.2,0.7,0.6,Gunther & Richards 2011,,,,,,,,,,,,
Choerophryne cf. alpestris,Albericus cf. alpestris,,,,ZMB 76758,M,22.6,6.5,9.1,,1.8,1.5,2.4,0.9,0.8,Gunther & Richards 2011,,,,,,,,,,,,
Choerophryne cf. alpestris,Albericus cf. alpestris,,,,SAMA R66108,F,27.3,7.6,11.2,,2,2,2.6,1,1,Gunther & Richards 2011,,,,,,,,,,,,
Choerophryne cf. alpestris,Albericus cf. alpestris,,,,SAMA R66110,M,20.5,5.9,8.3,,1.65,1.8,2.2,0.7,0.6,Gunther & Richards 2011,,,,,,,,,,,,
Choerophryne cf. alpestris,Albericus cf. alpestris,,,,SAMA R66112,M,21.3,6.1,8.5,,1.45,1.8,2.2,0.85,0.75,Gunther & Richards 2011,,,,,,,,,,,,
Choerophryne cf. alpestris,Albericus cf. alpestris,,,,SAMA R66113,M,22.2,6.5,8.9,,1.6,1.8,2.1,0.85,0.8,Gunther & Richards 2011,,,,,,,,,,,,
Choerophryne cf. alpestris,Albericus cf. alpestris,,,,ZMB 76759,M,21.6,6.1,8.6,,1.65,1.6,2.2,0.85,0.75,Gunther & Richards 2011,,,,,,,,,,,,
Choerophryne cf. alpestris,Albericus cf. alpestris,,,,SAMA R66115,M,19,5.5,8.1,,1.5,1.4,2,0.85,0.75,Gunther & Richards 2011,,,,,,,,,,,,
Choerophryne cf. alpestris,Albericus cf. alpestris,,,,UPNG 10064,M,20.5,6.1,8.2,,1.55,1.7,2.1,0.9,0.75,Gunther & Richards 2011,,,,,,,,,,,,
Choerophryne cf. alpestris,Albericus cf. alpestris,,,,SAMA R66116,M,21.5,5.5,8.9,,1.5,1.45,2.3,0.85,0.75,Gunther & Richards 2011,,,,,,,,,,,,